No,Nama,Rating,Comments,Link
1,ROBOT Power Bank RT180 10000mAh Dual Input Port Type C & Micro USB,1,"Bener bener ga berfungsi ccd bgt, gada qc nya sama sekali main kirim aja",https://shopee.co.id/ROBOT-Power-Bank-RT180-10000mAh-Dual-Input-Port-Type-C-Micro-USB-Garansi-Original-Resmi-i.20355266.7652475835?sp_atk=95d4180e-6345-482a-87b2-c73d70c8177c&xptdk=95d4180e-6345-482a-87b2-c73d70c8177c
2,ROBOT Power Bank RT180 10000mAh Dual Input Port Type C & Micro USB,1,Minta USB tipe c malah di kirim micro sungguh mengecewakan,https://shopee.co.id/ROBOT-Power-Bank-RT180-10000mAh-Dual-Input-Port-Type-C-Micro-USB-Garansi-Original-Resmi-i.20355266.7652475835?sp_atk=95d4180e-6345-482a-87b2-c73d70c8177c&xptdk=95d4180e-6345-482a-87b2-c73d70c8177c
3,ROBOT Power Bank RT180 10000mAh Dual Input Port Type C & Micro USB,1,"belom ada sebulan barang error, masih 2 bar tibatiba udah gabisa buat charger. ditanya klaim garansi gimana gadirespon, udah di chat penjualnya dikasi jeda buat nanggepin responnya tetep gaada tanggepan. mungkin karna udah banyak yg beli jadi gamasalah ya masalah 1 orang doang.",https://shopee.co.id/ROBOT-Power-Bank-RT180-10000mAh-Dual-Input-Port-Type-C-Micro-USB-Garansi-Original-Resmi-i.20355266.7652475835?sp_atk=95d4180e-6345-482a-87b2-c73d70c8177c&xptdk=95d4180e-6345-482a-87b2-c73d70c8177c
4,UNEED Powerbank 10000mAh Built in Cable Fast Charging 2.1A - UPB234,1,katanya 10.000mah. Masa cas iphone 11 cuma bisa 1x cas ?! barang jelek jgn di jual.,https://shopee.co.id/UNEED-Powerbank-10000mAh-Built-in-Cable-Fast-Charging-2.1A-UPB234-i.18856832.9418436523?sp_atk=14f1c394-c5d5-439f-878e-7d27778ab8cb&xptdk=14f1c394-c5d5-439f-878e-7d27778ab8cb
5,UNEED Powerbank 10000mAh Built in Cable Fast Charging 2.1A - UPB234,1,sama sekali tidak bisa dipakai. Sama aja dengan membeli barang rusak. Tidak bs dipakai untuk mengecas. Kecewa banget,https://shopee.co.id/UNEED-Powerbank-10000mAh-Built-in-Cable-Fast-Charging-2.1A-UPB234-i.18856832.9418436523?sp_atk=14f1c394-c5d5-439f-878e-7d27778ab8cb&xptdk=14f1c394-c5d5-439f-878e-7d27778ab8cb
6,Powerbank MOFIT M18 10.000mAh LCD + Fast Charge Real Capacity,1,"Kirain fast charging type c, ternyata type c ny gbsa dipake Penipuan yg baiküôÉ",https://shopee.co.id/Powerbank-MOFIT-M18-10.000mAh-LCD-Fast-Charge-Real-Capacity-i.184350063.6431370324?sp_atk=35c30058-5db8-4efb-ac10-6b5abb317a23&xptdk=35c30058-5db8-4efb-ac10-6b5abb317a23
7,Powerbank MOFIT M18 10.000mAh LCD + Fast Charge Real Capacity,1,"Sayang kabel datanya rusak/gak berfungsi, semoga lain kali dicek lagi sebelum dikirim,, walaupun gak terlalu jd masalah tetap aja harus pake kabel sendiri",https://shopee.co.id/Powerbank-MOFIT-M18-10.000mAh-LCD-Fast-Charge-Real-Capacity-i.184350063.6431370324?sp_atk=35c30058-5db8-4efb-ac10-6b5abb317a23&xptdk=35c30058-5db8-4efb-ac10-6b5abb317a24 
8,Powerbank MOFIT M18 10.000mAh LCD + Fast Charge Real Capacity,1,Yg dibutuhin type C biar fast charger eh ga berfungsi samasekali nyesel sih 100rb ngelayang type usb bisa ngecas namun ko tbtb suka off sndri ga paham,https://shopee.co.id/Powerbank-MOFIT-M18-10.000mAh-LCD-Fast-Charge-Real-Capacity-i.184350063.6431370324?sp_atk=35c30058-5db8-4efb-ac10-6b5abb317a23&xptdk=35c30058-5db8-4efb-ac10-6b5abb317a25 
9,Powerbank Baseus 10000mAh 20W / 15W Bipow Digital Display - PPDML-L,1,baru beli dan baru di pake sekali langsung rusak dan enggak bisaa buat ngecharger,https://shopee.co.id/Powerbank-Baseus-10000mAh-20W-15W-Bipow-Digital-Display-PPDML-L-i.272171531.16864874147?sp_atk=e318d814-481b-4909-b223-852b9641f73b&xptdk=e318d814-481b-4909-b223-852b9641f73b
10,SNIPER Powerbank 10000 mAh Powershoot S412201 V2.0,1,kayaknya kapasitas tidak Real 10.000mah. karena bobotnya sangat enteng dan setelah saya buat nge-charge HP yg 4000mah tidak bisa terisi full sudah habis. sangat mengecewakan.,https://shopee.co.id/SNIPER-Powerbank-10000-mAh-Powershoot-S412201-V2.0-i.70628431.6878631960?sp_atk=c29d0135-d5a0-4748-9a23-fdee90cd2581&xptdk=c29d0135-d5a0-4748-9a23-fdee90cd2581
11,SNIPER Powerbank 10000 mAh Powershoot S412201 V2.0,1,Brg lecet.. seperti sudah dipakai.. gak tau bekas atau gak.. tp body powerbank nya lecet2,https://shopee.co.id/SNIPER-Powerbank-10000-mAh-Powershoot-S412201-V2.0-i.70628431.6878631960?sp_atk=c29d0135-d5a0-4748-9a23-fdee90cd2581&xptdk=c29d0135-d5a0-4748-9a23-fdee90cd2581
12,PowerBank VIVAN 10000mah VPB-X10 20W 3 Output Dual Input Port Type C & Micro USB Original Fast Charging Quick Charging,1,"Kapasitas 10.000 mah ,di buat ngecas 1x baterai 5000 mah belum penuh udah mau habis, Kualitas tidak sesuai dengan kenyataan, Buruk sekali kualitasnya",https://shopee.co.id/PowerBank-VIVAN-10000mah-VPB-X10-20W-3-Output-Dual-Input-Port-Type-C-Micro-USB-Original-Fast-Charging-Quick-Charging-PD-3.0-QC-3.0-Real-Capacity-LED-Indicator-Garansi-Resmi-1-Tahun-i.11722931.3294408215?sp_atk=4da4ee0e-e90c-4d22-a2b9-9128d4a089dd&xptdk=4da4ee0e-e90c-4d22-a2b9-9128d4a089dd
13,PowerBank VIVAN 10000mah VPB-X10 20W 3 Output Dual Input Port Type C & Micro USB Original Fast Charging Quick Charging,1,"Baru dipakai 1x langsung seperti ini, katanya barang original store... Sy klaim garansi, sy kirim balik barangnya ke mereka katanya 14 hari kerja, sampai detik ini blm ada kejelasan, percuma kalian berikan garansi klo begitu.... Beli power bank 10000mah seharga 170rb, official store, barang yg dikirim abal2 dan klaim garansi sampai saat ini tdak jelas.",https://shopee.co.id/PowerBank-VIVAN-10000mah-VPB-X10-20W-3-Output-Dual-Input-Port-Type-C-Micro-USB-Original-Fast-Charging-Quick-Charging-PD-3.0-QC-3.0-Real-Capacity-LED-Indicator-Garansi-Resmi-1-Tahun-i.11722931.3294408215?sp_atk=4da4ee0e-e90c-4d22-a2b9-9128d4a089dd&xptdk=4da4ee0e-e90c-4d22-a2b9-9128d4a089dd
14,PowerBank VIVAN 10000mah VPB-X10 20W 3 Output Dual Input Port Type C & Micro USB Original Fast Charging Quick Charging,1,Pesan power bank yang tipe apa malah di kirim type lain. Lain x kalo mau ngirim barang mohon di cek dahulu. Pesanan saya tidak sesuai dengan yang saya terima. Alasan tidak mau ajukan kembalikan karena ribet banget harus ke kurir lagi.,https://shopee.co.id/PowerBank-VIVAN-10000mah-VPB-X10-20W-3-Output-Dual-Input-Port-Type-C-Micro-USB-Original-Fast-Charging-Quick-Charging-PD-3.0-QC-3.0-Real-Capacity-LED-Indicator-Garansi-Resmi-1-Tahun-i.11722931.3294408215?sp_atk=4da4ee0e-e90c-4d22-a2b9-9128d4a089dd&xptdk=4da4ee0e-e90c-4d22-a2b9-9128d4a089dd
15,PowerBank VIVAN 10000mah VPB-X10 20W 3 Output Dual Input Port Type C & Micro USB Original Fast Charging Quick Charging,1,"Cuma bisa mengisi 50% iPhone 7 Plus dari 2% dan langsung habis isinya, Terimakasih.",https://shopee.co.id/PowerBank-VIVAN-10000mah-VPB-X10-20W-3-Output-Dual-Input-Port-Type-C-Micro-USB-Original-Fast-Charging-Quick-Charging-PD-3.0-QC-3.0-Real-Capacity-LED-Indicator-Garansi-Resmi-1-Tahun-i.11722931.3294408215?sp_atk=4da4ee0e-e90c-4d22-a2b9-9128d4a089dd&xptdk=4da4ee0e-e90c-4d22-a2b9-9128d4a089dd
16,ROBOT Power Bank RT180 10000mAh Dual Input Port Type C & Micro USB,2,Barang sangat bgus... Proses pengiriman cpt,https://shopee.co.id/ROBOT-Power-Bank-RT180-10000mAh-Dual-Input-Port-Type-C-Micro-USB-Garansi-Original-Resmi-i.20355266.7652475835?sp_atk=95d4180e-6345-482a-87b2-c73d70c8177c&xptdk=95d4180e-6345-482a-87b2-c73d70c8177c
17,ROBOT Power Bank RT180 10000mAh Dual Input Port Type C & Micro USB,2,"ga bisa charge ke i phone , ga bs msk chargenya.. lampu idup tapi ga bs masuk .. pertama kali beli disini ‚Ä¶üò©biasa beli tk lain",https://shopee.co.id/ROBOT-Power-Bank-RT180-10000mAh-Dual-Input-Port-Type-C-Micro-USB-Garansi-Original-Resmi-i.20355266.7652475835?sp_atk=95d4180e-6345-482a-87b2-c73d70c8177c&xptdk=95d4180e-6345-482a-87b2-c73d70c8177c
18,ROBOT Power Bank RT180 10000mAh Dual Input Port Type C & Micro USB,2,pakai bentar tadi pagi udah habis setengah . bocor?,https://shopee.co.id/ROBOT-Power-Bank-RT180-10000mAh-Dual-Input-Port-Type-C-Micro-USB-Garansi-Original-Resmi-i.20355266.7652475835?sp_atk=95d4180e-6345-482a-87b2-c73d70c8177c&xptdk=95d4180e-6345-482a-87b2-c73d70c8177c
19,ROBOT Power Bank RT180 10000mAh Dual Input Port Type C & Micro USB,2,"USB tipe C nya ga bisa connect , Kalau USB micronya normal Hanya untuk 1x pakai powerbank sudah habis",https://shopee.co.id/ROBOT-Power-Bank-RT180-10000mAh-Dual-Input-Port-Type-C-Micro-USB-Garansi-Original-Resmi-i.20355266.7652475835?sp_atk=95d4180e-6345-482a-87b2-c73d70c8177c&xptdk=95d4180e-6345-482a-87b2-c73d70c8177c
20,ROBOT Power Bank RT180 10000mAh Dual Input Port Type C & Micro USB,2,Sayang lama pengiriman barang nya kualitas barang ok mantap di pengtran saja lama,https://shopee.co.id/ROBOT-Power-Bank-RT180-10000mAh-Dual-Input-Port-Type-C-Micro-USB-Garansi-Original-Resmi-i.20355266.7652475835?sp_atk=95d4180e-6345-482a-87b2-c73d70c8177c&xptdk=95d4180e-6345-482a-87b2-c73d70c8177c
21,ROBOT Power Bank RT180 10000mAh Dual Input Port Type C & Micro USB,2,"Request ganti warna hijau, penjual confirm oke. Yg dikirim tetap ungu. Lain kali lebih teliti ya. Karna kalau engga bisa tuker, lebih baik saya cancel dr awal ganti warna dan pesan lg. Daripada sudah ok in, pas dikirim ga sesuai.",https://shopee.co.id/ROBOT-Power-Bank-RT180-10000mAh-Dual-Input-Port-Type-C-Micro-USB-Garansi-Original-Resmi-i.20355266.7652475835?sp_atk=95d4180e-6345-482a-87b2-c73d70c8177c&xptdk=95d4180e-6345-482a-87b2-c73d70c8177c
22,Powerbank 10000mAh LCD Display Power Bank Fast Charging Dual Inputs Outputs Batteries Real Capacity Gadgets,2,"Kecewa sama produk dan layanan after purchased! Sebelum beli chat ramah sekali, setelah beli dan beri penilaian lalu 2x bertanya ga dijawab. Padahal saya bertanya perihal pemakaian dan garansi.",https://shopee.co.id/Powerbank-10000mAh-LCD-Display-Power-Bank-Fast-Charging-Dual-Inputs-Outputs-Batteries-Real-Capacity-Gadgets-i.227057943.12135864924?sp_atk=d7c83660-5582-4399-b251-8f129d361dc8&xptdk=d7c83660-5582-4399-b251-8f129d361dc8
23,Powerbank 10000mAh LCD Display Power Bank Fast Charging Dual Inputs Outputs Batteries Real Capacity Gadgets,2,"baru 3x charge hp pakai powerbank ini, fungsinya langsung menurun.",https://shopee.co.id/Powerbank-10000mAh-LCD-Display-Power-Bank-Fast-Charging-Dual-Inputs-Outputs-Batteries-Real-Capacity-Gadgets-i.227057943.12135864924?sp_atk=d7c83660-5582-4399-b251-8f129d361dc8&xptdk=d7c83660-5582-4399-b251-8f129d361dc8
24,Powerbank 10000mAh LCD Display Power Bank Fast Charging Dual Inputs Outputs Batteries Real Capacity Gadgets,2,Power bank yang dtg udh rusak gk bisa hidup gk bisa di cas dan gk bisa dpake üò¢,https://shopee.co.id/Powerbank-10000mAh-LCD-Display-Power-Bank-Fast-Charging-Dual-Inputs-Outputs-Batteries-Real-Capacity-Gadgets-i.227057943.12135864924?sp_atk=d7c83660-5582-4399-b251-8f129d361dc8&xptdk=d7c83660-5582-4399-b251-8f129d361dc8
25,Powerbank 10000mAh LCD Display Power Bank Fast Charging Dual Inputs Outputs Batteries Real Capacity Gadgets,2,"Maaf kualitasnya sangat kurang, saya pakai untuk charge hp dengan kondisi 15%, udah setangah jam malah turun jadi 11%",https://shopee.co.id/Powerbank-10000mAh-LCD-Display-Power-Bank-Fast-Charging-Dual-Inputs-Outputs-Batteries-Real-Capacity-Gadgets-i.227057943.12135864924?sp_atk=d7c83660-5582-4399-b251-8f129d361dc8&xptdk=d7c83660-5582-4399-b251-8f129d361dc8
26,Powerbank 10000mAh LCD Display Power Bank Fast Charging Dual Inputs Outputs Batteries Real Capacity Gadgets,2,Yg datang gk sesuai type,https://shopee.co.id/Powerbank-10000mAh-LCD-Display-Power-Bank-Fast-Charging-Dual-Inputs-Outputs-Batteries-Real-Capacity-Gadgets-i.227057943.12135864924?sp_atk=d7c83660-5582-4399-b251-8f129d361dc8&xptdk=d7c83660-5582-4399-b251-8f129d361dc8
27,Powerbank 10000mAh LCD Display Power Bank Fast Charging Dual Inputs Outputs Batteries Real Capacity Gadgets,2,Kondisi barang saat ini tdak bisa digunakan Bisa ngecharge tp kenapa tidak bisa mengalirkan listrik keluar ya,https://shopee.co.id/Powerbank-10000mAh-LCD-Display-Power-Bank-Fast-Charging-Dual-Inputs-Outputs-Batteries-Real-Capacity-Gadgets-i.227057943.12135864924?sp_atk=d7c83660-5582-4399-b251-8f129d361dc8&xptdk=d7c83660-5582-4399-b251-8f129d361dc8
28,Powerbank 10000mAh LCD Display Power Bank Fast Charging Dual Inputs Outputs Batteries Real Capacity Gadgets,2,Paking nya kurang aman terus barang nyampe di tangan daya udah pada robek robek kemasan nya juga penyok tolong di perbaiki lagi pakingan nya .untuk isi nya si jos lah,https://shopee.co.id/Powerbank-10000mAh-LCD-Display-Power-Bank-Fast-Charging-Dual-Inputs-Outputs-Batteries-Real-Capacity-Gadgets-i.227057943.12135864924?sp_atk=d7c83660-5582-4399-b251-8f129d361dc8&xptdk=d7c83660-5582-4399-b251-8f129d361dc8
29,Powerbank 10000mAh LCD Display Power Bank Fast Charging Dual Inputs Outputs Batteries Real Capacity Gadgets,2,Powerbanknya ngga bisa dipake. Ngga berfungsi pas di colokin ke hp,https://shopee.co.id/Powerbank-10000mAh-LCD-Display-Power-Bank-Fast-Charging-Dual-Inputs-Outputs-Batteries-Real-Capacity-Gadgets-i.227057943.12135864924?sp_atk=d7c83660-5582-4399-b251-8f129d361dc8&xptdk=d7c83660-5582-4399-b251-8f129d361dc8
30,Powerbank 10000mAh LCD Display Power Bank Fast Charging Dual Inputs Outputs Batteries Real Capacity Gadgets,2,yang dipesan yg ada gambarnya tapi yang datang yang polos,https://shopee.co.id/Powerbank-10000mAh-LCD-Display-Power-Bank-Fast-Charging-Dual-Inputs-Outputs-Batteries-Real-Capacity-Gadgets-i.227057943.12135864924?sp_atk=d7c83660-5582-4399-b251-8f129d361dc8&xptdk=d7c83660-5582-4399-b251-8f129d361dc8
31,USAMS PB56 Power Bank Lanyard 10000mAh Dual USB,2,"Warna sih lucu. Murah juga. Tapi belum juga seminggu, ngisi daya jadi LAMBAT bahkan GA NAMBAH"" didiemin SEMALEMAN PUN üòñ padahal udah pake kabel USB charger ori. Kabel USB bawaannya pun GA BERFUNGSI. SAYANG BANGET DUIT GUA üò≠",https://shopee.co.id/USAMS-PB56-Power-Bank-Lanyard-10000mAh-Dual-USB-i.340364424.4067904681?sp_atk=df5a9987-7ba3-420f-b45e-055a9914eb63&xptdk=df5a9987-7ba3-420f-b45e-055a9914eb63
32,USAMS PB56 Power Bank Lanyard 10000mAh Dual USB,2,"Agak gelembung, pas coba di cas ngga ngangkat Mohon di bantu",https://shopee.co.id/USAMS-PB56-Power-Bank-Lanyard-10000mAh-Dual-USB-i.340364424.4067904681?sp_atk=df5a9987-7ba3-420f-b45e-055a9914eb63&xptdk=df5a9987-7ba3-420f-b45e-055a9914eb63
33,USAMS PB56 Power Bank Lanyard 10000mAh Dual USB,2,"msih bnyak yg msti di tingaktin, spt port type-c yg cm bsa buat input doang gk bsa buat output, trs blm trsmatkan fitur QC.PD 3.0 yg udh jd fitur stndar merk lain, masa buat isi J2prime dari 0-100% bth wktu smpe 3jam lbih, sdangkn aq pke TOPK buat isi M51 (7000mAh) dr 0-100% cm 1J 34M",https://shopee.co.id/USAMS-PB56-Power-Bank-Lanyard-10000mAh-Dual-USB-i.340364424.4067904681?sp_atk=df5a9987-7ba3-420f-b45e-055a9914eb63&xptdk=df5a9987-7ba3-420f-b45e-055a9914eb63
34,USAMS PB56 Power Bank Lanyard 10000mAh Dual USB,2,"Pas datang bagian dalem seperti ada yg lepas, pas di goyangin bunyi",https://shopee.co.id/USAMS-PB56-Power-Bank-Lanyard-10000mAh-Dual-USB-i.340364424.4067904681?sp_atk=df5a9987-7ba3-420f-b45e-055a9914eb63&xptdk=df5a9987-7ba3-420f-b45e-055a9914eb63
35,USAMS PB56 Power Bank Lanyard 10000mAh Dual USB,2,Batre cepet habis,https://shopee.co.id/USAMS-PB56-Power-Bank-Lanyard-10000mAh-Dual-USB-i.340364424.4067904681?sp_atk=df5a9987-7ba3-420f-b45e-055a9914eb63&xptdk=df5a9987-7ba3-420f-b45e-055a9914eb63
36,USAMS PB56 Power Bank Lanyard 10000mAh Dual USB,2,Jangan pake soppe expres. Lamban..nda jelas....barang masih di cb moga awet PBnya. Ya sepadan harga murah ya dikit murahan lah,https://shopee.co.id/USAMS-PB56-Power-Bank-Lanyard-10000mAh-Dual-USB-i.340364424.4067904681?sp_atk=df5a9987-7ba3-420f-b45e-055a9914eb63&xptdk=df5a9987-7ba3-420f-b45e-055a9914eb63
37,USAMS PB56 Power Bank Lanyard 10000mAh Dual USB,2,"Barang nya ok2 saja, tapi pengiriman nya hampir 2 Minggu gan...",https://shopee.co.id/USAMS-PB56-Power-Bank-Lanyard-10000mAh-Dual-USB-i.340364424.4067904681?sp_atk=df5a9987-7ba3-420f-b45e-055a9914eb63&xptdk=df5a9987-7ba3-420f-b45e-055a9914eb63
38,USAMS PB56 Power Bank Lanyard 10000mAh Dual USB,2,Ga semenarik di gambar sih. Ya Kualitasnya sesuai dengan harga,https://shopee.co.id/USAMS-PB56-Power-Bank-Lanyard-10000mAh-Dual-USB-i.340364424.4067904681?sp_atk=df5a9987-7ba3-420f-b45e-055a9914eb63&xptdk=df5a9987-7ba3-420f-b45e-055a9914eb63
39,USAMS PB56 Power Bank Lanyard 10000mAh Dual USB,2,D sruh minta knp power bank yg dijual lama sekali gk penuh2 malah sruh tanya k google lucuuu,https://shopee.co.id/USAMS-PB56-Power-Bank-Lanyard-10000mAh-Dual-USB-i.340364424.4067904681?sp_atk=df5a9987-7ba3-420f-b45e-055a9914eb63&xptdk=df5a9987-7ba3-420f-b45e-055a9914eb63
40,UNEED Powerbank 10000mAh Built in Cable Fast Charging 2.1A - UPB234,2,"cepet ngisi cepet abisssss, kuliatasnya kurangg bangett",https://shopee.co.id/UNEED-Powerbank-10000mAh-Built-in-Cable-Fast-Charging-2.1A-UPB234-i.18856832.9418436523?sp_atk=14f1c394-c5d5-439f-878e-7d27778ab8cb&xptdk=14f1c394-c5d5-439f-878e-7d27778ab8cb
41,UNEED Powerbank 10000mAh Built in Cable Fast Charging 2.1A - UPB235,2,"Produk berfungsi dengan semestinya. Tapi mohon maaf seller, saya merasa kecewa karena produk tidak terkemas/tersegel layaknya produk baru. Terlihat banyak goresan dan produk terlihat kusam. Harapannya baik penjual maupun pembeli juga merasa senang dan diuntungkan. Semoga bisa lebih baik ke depannya. Mohon maaf atas penilaian jujur saya",https://shopee.co.id/UNEED-Powerbank-10000mAh-Built-in-Cable-Fast-Charging-2.1A-UPB234-i.18856832.9418436523?sp_atk=14f1c394-c5d5-439f-878e-7d27778ab8cb&xptdk=14f1c394-c5d5-439f-878e-7d27778ab8cb
42,UNEED Powerbank 10000mAh Built in Cable Fast Charging 2.1A - UPB236,2,Cmn mentok sampe 95% pas di cas Pb ny,https://shopee.co.id/UNEED-Powerbank-10000mAh-Built-in-Cable-Fast-Charging-2.1A-UPB234-i.18856832.9418436523?sp_atk=14f1c394-c5d5-439f-878e-7d27778ab8cb&xptdk=14f1c394-c5d5-439f-878e-7d27778ab8cb
43,UNEED Powerbank 10000mAh Built in Cable Fast Charging 2.1A - UPB237,2,"Agak unexpected mslh kualitas, untuk bentuk okeee ramping",https://shopee.co.id/UNEED-Powerbank-10000mAh-Built-in-Cable-Fast-Charging-2.1A-UPB234-i.18856832.9418436523?sp_atk=14f1c394-c5d5-439f-878e-7d27778ab8cb&xptdk=14f1c394-c5d5-439f-878e-7d27778ab8cb
44,UNEED Powerbank 10000mAh Built in Cable Fast Charging 2.1A - UPB238,2,Di desk nya MAH nya 10.000 tau nya pas dipake sekali blm smpe full udh abis,https://shopee.co.id/UNEED-Powerbank-10000mAh-Built-in-Cable-Fast-Charging-2.1A-UPB234-i.18856832.9418436523?sp_atk=14f1c394-c5d5-439f-878e-7d27778ab8cb&xptdk=14f1c394-c5d5-439f-878e-7d27778ab8cb
45,UNEED Powerbank 10000mAh Built in Cable Fast Charging 2.1A - UPB239,2,Masa barang dilempar padahal wlektronik harusnya pihak penjual ada striker jng dibanting,https://shopee.co.id/UNEED-Powerbank-10000mAh-Built-in-Cable-Fast-Charging-2.1A-UPB234-i.18856832.9418436523?sp_atk=14f1c394-c5d5-439f-878e-7d27778ab8cb&xptdk=14f1c394-c5d5-439f-878e-7d27778ab8cb
46,UNEED Powerbank 10000mAh Built in Cable Fast Charging 2.1A - UPB240,2,"Warnanya cantik, desainnya cantik, tp ga fungsi.",https://shopee.co.id/UNEED-Powerbank-10000mAh-Built-in-Cable-Fast-Charging-2.1A-UPB234-i.18856832.9418436523?sp_atk=14f1c394-c5d5-439f-878e-7d27778ab8cb&xptdk=14f1c394-c5d5-439f-878e-7d27778ab8cb
47,UNEED Powerbank 10000mAh Built in Cable Fast Charging 2.1A - UPB241,2,"Makin ke sni makin jelek kualitasnya, pdhl harga semakin mahal, pertama beli masih under 150k tp kualitas bagus, skrg malah ga bs d cas powerbanknya, males retur krna msh bs d cas pke typeC, intinya saya KAPOK BELI",https://shopee.co.id/UNEED-Powerbank-10000mAh-Built-in-Cable-Fast-Charging-2.1A-UPB234-i.18856832.9418436523?sp_atk=14f1c394-c5d5-439f-878e-7d27778ab8cb&xptdk=14f1c394-c5d5-439f-878e-7d27778ab8cb
48,Powerbank MOFIT M18 10.000mAh LCD + Fast Charge Real Capacity,2,barangnya blm d pke sudah lowbet dan d cas 1 harian nggak masuk,https://shopee.co.id/Powerbank-MOFIT-M18-10.000mAh-LCD-Fast-Charge-Real-Capacity-i.184350063.6431370324?sp_atk=35c30058-5db8-4efb-ac10-6b5abb317a23&xptdk=35c30058-5db8-4efb-ac10-6b5abb317a23
49,Powerbank MOFIT M18 10.000mAh LCD + Fast Charge Real Capacity,2,Proses pengiriman dari tokonya lambat,https://shopee.co.id/Powerbank-MOFIT-M18-10.000mAh-LCD-Fast-Charge-Real-Capacity-i.184350063.6431370324?sp_atk=35c30058-5db8-4efb-ac10-6b5abb317a23&xptdk=35c30058-5db8-4efb-ac10-6b5abb317a23
50,Powerbank MOFIT M18 10.000mAh LCD + Fast Charge Real Capacity,2,"kondisi mulus, warna juga sesuai pesanan saat di trima, gak fast charging üòí.. sampai barang nya terlalu lama 7 hari lain kali jgn pake jasa si Cepat, terlalu lama",https://shopee.co.id/Powerbank-MOFIT-M18-10.000mAh-LCD-Fast-Charge-Real-Capacity-i.184350063.6431370324?sp_atk=35c30058-5db8-4efb-ac10-6b5abb317a23&xptdk=35c30058-5db8-4efb-ac10-6b5abb317a23
51,Powerbank MOFIT M18 10.000mAh LCD + Fast Charge Real Capacity,2,"Saya ubah penilaian karena pb tidak ngecharge, soalnya baru nyoba juga, kalo masuk juga suka mati sendiri, gimana ini",https://shopee.co.id/Powerbank-MOFIT-M18-10.000mAh-LCD-Fast-Charge-Real-Capacity-i.184350063.6431370324?sp_atk=35c30058-5db8-4efb-ac10-6b5abb317a23&xptdk=35c30058-5db8-4efb-ac10-6b5abb317a23
52,Powerbank MOFIT M18 10.000mAh LCD + Fast Charge Real Capacity,2,"Barang cepat sampai,, pelayanan bagus,, tapi sayang banget kabel data nya penyok,, gak bisa d masukkin ke tempat cassan,, semoga aja ini bener original,, gak d cek dlu kalo peot sedikit kecewa sih",https://shopee.co.id/Powerbank-MOFIT-M18-10.000mAh-LCD-Fast-Charge-Real-Capacity-i.184350063.6431370324?sp_atk=35c30058-5db8-4efb-ac10-6b5abb317a23&xptdk=35c30058-5db8-4efb-ac10-6b5abb317a23
53,Powerbank MOFIT M18 10.000mAh LCD + Fast Charge Real Capacity,2,"Packagingnya rapih si, tapi gabisa dipake buat iphone gamasuk. Pas dicoba ke samsung baru bisa",https://shopee.co.id/Powerbank-MOFIT-M18-10.000mAh-LCD-Fast-Charge-Real-Capacity-i.184350063.6431370324?sp_atk=35c30058-5db8-4efb-ac10-6b5abb317a23&xptdk=35c30058-5db8-4efb-ac10-6b5abb317a23
54,SNIPER Powerbank 10000 mAh Powershoot S412201 V2.0,2,Produk nya ga real capacity 10.000 mah. Pake pengiriman AnterAja lama banget,https://shopee.co.id/SNIPER-Powerbank-10000-mAh-Powershoot-S412201-V2.0-i.70628431.6878631960?sp_atk=c29d0135-d5a0-4748-9a23-fdee90cd2581&xptdk=c29d0135-d5a0-4748-9a23-fdee90cd2581
55,SNIPER Powerbank 10000 mAh Powershoot S412201 V2.1,2,Tidak real. Untuk ces batre 5000mah cuma nambah 50%.... Cukup kecewa,https://shopee.co.id/SNIPER-Powerbank-10000-mAh-Powershoot-S412201-V2.0-i.70628431.6878631960?sp_atk=c29d0135-d5a0-4748-9a23-fdee90cd2581&xptdk=c29d0135-d5a0-4748-9a23-fdee90cd2581
56,SNIPER Powerbank 10000 mAh Powershoot S412201 V2.2,2,Sekali cas langsung habis,https://shopee.co.id/SNIPER-Powerbank-10000-mAh-Powershoot-S412201-V2.0-i.70628431.6878631960?sp_atk=c29d0135-d5a0-4748-9a23-fdee90cd2581&xptdk=c29d0135-d5a0-4748-9a23-fdee90cd2581
57,SNIPER Powerbank 10000 mAh Powershoot S412201 V2.3,2,Kabel chargernya rusak,https://shopee.co.id/SNIPER-Powerbank-10000-mAh-Powershoot-S412201-V2.0-i.70628431.6878631960?sp_atk=c29d0135-d5a0-4748-9a23-fdee90cd2581&xptdk=c29d0135-d5a0-4748-9a23-fdee90cd2581
58,SNIPER Powerbank 10000 mAh Powershoot S412201 V2.4,2,Gak fungsi,https://shopee.co.id/SNIPER-Powerbank-10000-mAh-Powershoot-S412201-V2.0-i.70628431.6878631960?sp_atk=c29d0135-d5a0-4748-9a23-fdee90cd2581&xptdk=c29d0135-d5a0-4748-9a23-fdee90cd2581
59,PowerBank VIVAN 10000mah VPB-X10 20W 3 Output Dual Input Port Type C & Micro USB Original Fast Charging Quick Charging,2,Pengemasan produknya lama bgt 4 hari belum sama waktu pengiriman. Adminnya jawab nya template dan agak slow resp,https://shopee.co.id/PowerBank-VIVAN-10000mah-VPB-X10-20W-3-Output-Dual-Input-Port-Type-C-Micro-USB-Original-Fast-Charging-Quick-Charging-PD-3.0-QC-3.0-Real-Capacity-LED-Indicator-Garansi-Resmi-1-Tahun-i.11722931.3294408215?sp_atk=4da4ee0e-e90c-4d22-a2b9-9128d4a089dd&xptdk=4da4ee0e-e90c-4d22-a2b9-9128d4a089dd
60,PowerBank VIVAN 10000mah VPB-X10 20W 3 Output Dual Input Port Type C & Micro USB Original Fast Charging Quick Charging,2,Lama dikirimnya. Kwalitas standar aja,https://shopee.co.id/PowerBank-VIVAN-10000mah-VPB-X10-20W-3-Output-Dual-Input-Port-Type-C-Micro-USB-Original-Fast-Charging-Quick-Charging-PD-3.0-QC-3.0-Real-Capacity-LED-Indicator-Garansi-Resmi-1-Tahun-i.11722931.3294408215?sp_atk=4da4ee0e-e90c-4d22-a2b9-9128d4a089dd&xptdk=4da4ee0e-e90c-4d22-a2b9-9128d4a089dd
61,ROBOT Power Bank RT180 10000mAh Dual Input Port Type C & Micro USB,3,"Mintanya ungu dikirim putih, yg amanah dong, kmrn blm dibuka, ini baru dibuka, Gk sesuai Sma yg dipesen",https://shopee.co.id/ROBOT-Power-Bank-RT180-10000mAh-Dual-Input-Port-Type-C-Micro-USB-Garansi-Original-Resmi-i.20355266.7652475835?sp_atk=95d4180e-6345-482a-87b2-c73d70c8177c&xptdk=95d4180e-6345-482a-87b2-c73d70c8177c
62,ROBOT Power Bank RT180 10000mAh Dual Input Port Type C & Micro USB,3,masih di test untuk charger klo dalam waktu satu jam lampu indikator power bank nya masih tetap segitu aja kg penuh penuh brti kualitas nya jelek/buruk,https://shopee.co.id/ROBOT-Power-Bank-RT180-10000mAh-Dual-Input-Port-Type-C-Micro-USB-Garansi-Original-Resmi-i.20355266.7652475835?sp_atk=95d4180e-6345-482a-87b2-c73d70c8177c&xptdk=95d4180e-6345-482a-87b2-c73d70c8177c
63,ROBOT Power Bank RT180 10000mAh Dual Input Port Type C & Micro USB,3,"Ya lain kali boleh diberi bubble wrap biar lebih aman kak, soalnya kebanting banting pastinya, jadi ga aman kondisi powerbanknya",https://shopee.co.id/ROBOT-Power-Bank-RT180-10000mAh-Dual-Input-Port-Type-C-Micro-USB-Garansi-Original-Resmi-i.20355266.7652475835?sp_atk=95d4180e-6345-482a-87b2-c73d70c8177c&xptdk=95d4180e-6345-482a-87b2-c73d70c8177c
64,ROBOT Power Bank RT180 10000mAh Dual Input Port Type C & Micro USB,3,Keliatannya baik tp syangnya ga bisa dipakai untuk type c.. Jdi harus beli kabel data lagi...,https://shopee.co.id/ROBOT-Power-Bank-RT180-10000mAh-Dual-Input-Port-Type-C-Micro-USB-Garansi-Original-Resmi-i.20355266.7652475835?sp_atk=95d4180e-6345-482a-87b2-c73d70c8177c&xptdk=95d4180e-6345-482a-87b2-c73d70c8177c
65,ROBOT Power Bank RT180 10000mAh Dual Input Port Type C & Micro USB,3,"Pengemasan ga safety, masa ga dipakein bubble wrap sehelai pun:(",https://shopee.co.id/ROBOT-Power-Bank-RT180-10000mAh-Dual-Input-Port-Type-C-Micro-USB-Garansi-Original-Resmi-i.20355266.7652475835?sp_atk=95d4180e-6345-482a-87b2-c73d70c8177c&xptdk=95d4180e-6345-482a-87b2-c73d70c8177c
66,ROBOT Power Bank RT180 10000mAh Dual Input Port Type C & Micro USB,3,"tidak suport iphone apa gimana, gabisa dipake cas iphone terus packing an jelek masa pake kardus doang gapake bublewrap",https://shopee.co.id/ROBOT-Power-Bank-RT180-10000mAh-Dual-Input-Port-Type-C-Micro-USB-Garansi-Original-Resmi-i.20355266.7652475835?sp_atk=95d4180e-6345-482a-87b2-c73d70c8177c&xptdk=95d4180e-6345-482a-87b2-c73d70c8177c
67,ROBOT Power Bank RT180 10000mAh Dual Input Port Type C & Micro USB,3,"Chargingnya lama banget ya. Ini aku tinggal dari sore sampe jam 10 malem belum penuh. Yang lainnya ok. :""",https://shopee.co.id/ROBOT-Power-Bank-RT180-10000mAh-Dual-Input-Port-Type-C-Micro-USB-Garansi-Original-Resmi-i.20355266.7652475835?sp_atk=95d4180e-6345-482a-87b2-c73d70c8177c&xptdk=95d4180e-6345-482a-87b2-c73d70c8177c
68,ROBOT Power Bank RT180 10000mAh Dual Input Port Type C & Micro USB,3,bener sesuai review banyak yg blg type c nya tidak bisa digunakan. untung saya ad colokan usb jadi tetep bisa pake penjual respon baik. minta gojek skrg langsung digojek,https://shopee.co.id/ROBOT-Power-Bank-RT180-10000mAh-Dual-Input-Port-Type-C-Micro-USB-Garansi-Original-Resmi-i.20355266.7652475835?sp_atk=95d4180e-6345-482a-87b2-c73d70c8177c&xptdk=95d4180e-6345-482a-87b2-c73d70c8177c
69,ROBOT Power Bank RT180 10000mAh Dual Input Port Type C & Micro USB,3,"Colokan usb-c nya gak berfungsi. Tp masi bs pake colokan usb. Its ok, smg awet. Terima kasih",https://shopee.co.id/ROBOT-Power-Bank-RT180-10000mAh-Dual-Input-Port-Type-C-Micro-USB-Garansi-Original-Resmi-i.20355266.7652475835?sp_atk=95d4180e-6345-482a-87b2-c73d70c8177c&xptdk=95d4180e-6345-482a-87b2-c73d70c8177c
70,ROBOT Power Bank RT180 10000mAh Dual Input Port Type C & Micro USB,3,Gak sempet foto. Kabel data nya gak bisa masuk harus beli yang baru,https://shopee.co.id/ROBOT-Power-Bank-RT180-10000mAh-Dual-Input-Port-Type-C-Micro-USB-Garansi-Original-Resmi-i.20355266.7652475835?sp_atk=95d4180e-6345-482a-87b2-c73d70c8177c&xptdk=95d4180e-6345-482a-87b2-c73d70c8177c
71,ROBOT Power Bank RT180 10000mAh Dual Input Port Type C & Micro USB,3,battery tidak full 10.000 mah. isinya cuma kisaran 7.500 - 8.000 mah. type-c good micro usb good,https://shopee.co.id/ROBOT-Power-Bank-RT180-10000mAh-Dual-Input-Port-Type-C-Micro-USB-Garansi-Original-Resmi-i.20355266.7652475835?sp_atk=95d4180e-6345-482a-87b2-c73d70c8177c&xptdk=95d4180e-6345-482a-87b2-c73d70c8177c
72,ROBOT Power Bank RT180 10000mAh Dual Input Port Type C & Micro USB,3,Barang nyampe dengan aman cuman body power bank nya kayak ktor gitu trus lem nya ngak kurang rapi,https://shopee.co.id/ROBOT-Power-Bank-RT180-10000mAh-Dual-Input-Port-Type-C-Micro-USB-Garansi-Original-Resmi-i.20355266.7652475835?sp_atk=95d4180e-6345-482a-87b2-c73d70c8177c&xptdk=95d4180e-6345-482a-87b2-c73d70c8177c
73,SNIPER Powerbank 10000 mAh Powershoot S412201 V2.0,3,Pengisiannya lama bgttttttt ... Masa dari jam setengah 8 mlm sampe jam setengah 1 pagi blm penuh2üò≠üò≠üò≠,https://shopee.co.id/SNIPER-Powerbank-10000-mAh-Powershoot-S412201-V2.0-i.70628431.6878631960?sp_atk=c29d0135-d5a0-4748-9a23-fdee90cd2581&xptdk=c29d0135-d5a0-4748-9a23-fdee90cd2581
74,SNIPER Powerbank 10000 mAh Powershoot S412201 V2.1,3,Batrenya gampang habis tidak sesuai dengan mah nya jelek,https://shopee.co.id/SNIPER-Powerbank-10000-mAh-Powershoot-S412201-V2.0-i.70628431.6878631960?sp_atk=c29d0135-d5a0-4748-9a23-fdee90cd2581&xptdk=c29d0135-d5a0-4748-9a23-fdee90cd2581
75,SNIPER Powerbank 10000 mAh Powershoot S412201 V2.2,3,"Sebenernya barangnya bagus, cuma pas dipakai di iphone xr aku gabisa, padahal tulisannya compatible for iphone dan android. aku coba di hp oppoku bisa. maybe cuma bisa di android aja / ios tertentu aja. Oke terimakasih yaüôèüèª",https://shopee.co.id/SNIPER-Powerbank-10000-mAh-Powershoot-S412201-V2.0-i.70628431.6878631960?sp_atk=c29d0135-d5a0-4748-9a23-fdee90cd2581&xptdk=c29d0135-d5a0-4748-9a23-fdee90cd2581
76,SNIPER Powerbank 10000 mAh Powershoot S412201 V2.3,3,Harga menentukan kualitas,https://shopee.co.id/SNIPER-Powerbank-10000-mAh-Powershoot-S412201-V2.0-i.70628431.6878631960?sp_atk=c29d0135-d5a0-4748-9a23-fdee90cd2581&xptdk=c29d0135-d5a0-4748-9a23-fdee90cd2581
77,SNIPER Powerbank 10000 mAh Powershoot S412201 V2.4,3,flight friendly,https://shopee.co.id/SNIPER-Powerbank-10000-mAh-Powershoot-S412201-V2.0-i.70628431.6878631960?sp_atk=c29d0135-d5a0-4748-9a23-fdee90cd2581&xptdk=c29d0135-d5a0-4748-9a23-fdee90cd2581
78,SNIPER Powerbank 10000 mAh Powershoot S412201 V2.5,3,"ga fastcharging, setelah pemakaian  produk beberapa minggu. sesuai harga lah",https://shopee.co.id/SNIPER-Powerbank-10000-mAh-Powershoot-S412201-V2.0-i.70628431.6878631960?sp_atk=c29d0135-d5a0-4748-9a23-fdee90cd2581&xptdk=c29d0135-d5a0-4748-9a23-fdee90cd2581
79,SNIPER Powerbank 10000 mAh Powershoot S412201 V2.6,3,Barang beda dengan yang sebelumnya ini pembelian ke 2 tapi kualitas bagusan yang pertama dan kesing nya lebih besar sedikit. kecewa tapi gpp lah thanks,https://shopee.co.id/SNIPER-Powerbank-10000-mAh-Powershoot-S412201-V2.0-i.70628431.6878631960?sp_atk=c29d0135-d5a0-4748-9a23-fdee90cd2581&xptdk=c29d0135-d5a0-4748-9a23-fdee90cd2581
80,SNIPER Powerbank 10000 mAh Powershoot S412201 V2.7,3,"pemakaian cepat habis, giliran di chas lama bngt penuh nya.",https://shopee.co.id/SNIPER-Powerbank-10000-mAh-Powershoot-S412201-V2.0-i.70628431.6878631960?sp_atk=c29d0135-d5a0-4748-9a23-fdee90cd2581&xptdk=c29d0135-d5a0-4748-9a23-fdee90cd2581
81,SNIPER Powerbank 10000 mAh Powershoot S412201 V2.8,3,"charging nya lambat, walaupun menggunakan port 2 ampere",https://shopee.co.id/SNIPER-Powerbank-10000-mAh-Powershoot-S412201-V2.0-i.70628431.6878631960?sp_atk=c29d0135-d5a0-4748-9a23-fdee90cd2581&xptdk=c29d0135-d5a0-4748-9a23-fdee90cd2581
82,SNIPER Powerbank 10000 mAh Powershoot S412201 V2.9,3,Respon baik pengiriman cepat cuma satu yang kurang barang tidak sesuai versi yang saya pesa,https://shopee.co.id/SNIPER-Powerbank-10000-mAh-Powershoot-S412201-V2.0-i.70628431.6878631960?sp_atk=c29d0135-d5a0-4748-9a23-fdee90cd2581&xptdk=c29d0135-d5a0-4748-9a23-fdee90cd2581
83,SNIPER Powerbank 10000 mAh Powershoot S412201 V2.10,3,Berfungsi baik dengan pengisian 3-5jam dan kapasitas charging memadai.,https://shopee.co.id/SNIPER-Powerbank-10000-mAh-Powershoot-S412201-V2.0-i.70628431.6878631960?sp_atk=c29d0135-d5a0-4748-9a23-fdee90cd2581&xptdk=c29d0135-d5a0-4748-9a23-fdee90cd2581
84,SNIPER Powerbank 10000 mAh Powershoot S412201 V2.11,3,"Bisa untuk charge iphone 7 3 kali sampe full, bisa untuk airpods",https://shopee.co.id/SNIPER-Powerbank-10000-mAh-Powershoot-S412201-V2.0-i.70628431.6878631960?sp_atk=c29d0135-d5a0-4748-9a23-fdee90cd2581&xptdk=c29d0135-d5a0-4748-9a23-fdee90cd2581
85,Powerbank 10000mAh LCD Display Power Bank Fast Charging Dual Inputs Outputs Batteries Real Capacity Gadgets,3,Type yg dtg berbeda dgn yg dipesan pdhl harganya beda..,https://shopee.co.id/Powerbank-10000mAh-LCD-Display-Power-Bank-Fast-Charging-Dual-Inputs-Outputs-Batteries-Real-Capacity-Gadgets-i.227057943.12135864924?sp_atk=d7c83660-5582-4399-b251-8f129d361dc8&xptdk=d7c83660-5582-4399-b251-8f129d361dc8
86,Powerbank 10000mAh LCD Display Power Bank Fast Charging Dual Inputs Outputs Batteries Real Capacity Gadgets,3,"Agak kecewa sama warnanya karna ngga sesuai sama pesanan, pesan ungu yg datang pink",https://shopee.co.id/Powerbank-10000mAh-LCD-Display-Power-Bank-Fast-Charging-Dual-Inputs-Outputs-Batteries-Real-Capacity-Gadgets-i.227057943.12135864924?sp_atk=d7c83660-5582-4399-b251-8f129d361dc8&xptdk=d7c83660-5582-4399-b251-8f129d361dc8
87,Powerbank 10000mAh LCD Display Power Bank Fast Charging Dual Inputs Outputs Batteries Real Capacity Gadgets,3,bikin panas hp,https://shopee.co.id/Powerbank-10000mAh-LCD-Display-Power-Bank-Fast-Charging-Dual-Inputs-Outputs-Batteries-Real-Capacity-Gadgets-i.227057943.12135864924?sp_atk=d7c83660-5582-4399-b251-8f129d361dc8&xptdk=d7c83660-5582-4399-b251-8f129d361dc8
88,Powerbank 10000mAh LCD Display Power Bank Fast Charging Dual Inputs Outputs Batteries Real Capacity Gadgets,3,lucu dan ringan,https://shopee.co.id/Powerbank-10000mAh-LCD-Display-Power-Bank-Fast-Charging-Dual-Inputs-Outputs-Batteries-Real-Capacity-Gadgets-i.227057943.12135864924?sp_atk=d7c83660-5582-4399-b251-8f129d361dc8&xptdk=d7c83660-5582-4399-b251-8f129d361dc8
89,Powerbank 10000mAh LCD Display Power Bank Fast Charging Dual Inputs Outputs Batteries Real Capacity Gadgets,3,"Barang nya sih bagus cuma ada lecet dikit kek tapak kuku tangan dus nya sedikit penyok,dus plastik yang di dalem juga pecah ngk tau kenapa dan kek piling nya ini barang nya kek udah pak sih,pengiriman sedikit lambat dari 12 tempe tanggal 17 mungkin karna banyaknya pedanan",https://shopee.co.id/Powerbank-10000mAh-LCD-Display-Power-Bank-Fast-Charging-Dual-Inputs-Outputs-Batteries-Real-Capacity-Gadgets-i.227057943.12135864924?sp_atk=d7c83660-5582-4399-b251-8f129d361dc8&xptdk=d7c83660-5582-4399-b251-8f129d361dc8
90,Powerbank 10000mAh LCD Display Power Bank Fast Charging Dual Inputs Outputs Batteries Real Capacity Gadgets,3,pengemasannya kurang safe,https://shopee.co.id/Powerbank-10000mAh-LCD-Display-Power-Bank-Fast-Charging-Dual-Inputs-Outputs-Batteries-Real-Capacity-Gadgets-i.227057943.12135864924?sp_atk=d7c83660-5582-4399-b251-8f129d361dc8&xptdk=d7c83660-5582-4399-b251-8f129d361dc8
91,Powerbank 10000mAh LCD Display Power Bank Fast Charging Dual Inputs Outputs Batteries Real Capacity Gadgets,3,"berfungsi dengan baik, sayangnya pesan hitam dan ungu datangnya pink dan putih",https://shopee.co.id/Powerbank-10000mAh-LCD-Display-Power-Bank-Fast-Charging-Dual-Inputs-Outputs-Batteries-Real-Capacity-Gadgets-i.227057943.12135864924?sp_atk=d7c83660-5582-4399-b251-8f129d361dc8&xptdk=d7c83660-5582-4399-b251-8f129d361dc8
92,Powerbank 10000mAh LCD Display Power Bank Fast Charging Dual Inputs Outputs Batteries Real Capacity Gadgets,3,"Barang nya lumayan, cuma Pengiriman lama, dan paling tidak memuaskan penjual tidak ramah. Pembeli menanyakan tidak diberi respon yang baik ditanya apa jawab apa",https://shopee.co.id/Powerbank-10000mAh-LCD-Display-Power-Bank-Fast-Charging-Dual-Inputs-Outputs-Batteries-Real-Capacity-Gadgets-i.227057943.12135864924?sp_atk=d7c83660-5582-4399-b251-8f129d361dc8&xptdk=d7c83660-5582-4399-b251-8f129d361dc8
93,Powerbank 10000mAh LCD Display Power Bank Fast Charging Dual Inputs Outputs Batteries Real Capacity Gadgets,3,"Usb nya ada 2 tapi 1 tidak berfungsi, tolong sblm kirim lakukan pengecekan terlebih dahulu",https://shopee.co.id/Powerbank-10000mAh-LCD-Display-Power-Bank-Fast-Charging-Dual-Inputs-Outputs-Batteries-Real-Capacity-Gadgets-i.227057943.12135864924?sp_atk=d7c83660-5582-4399-b251-8f129d361dc8&xptdk=d7c83660-5582-4399-b251-8f129d361dc8
94,Powerbank 10000mAh LCD Display Power Bank Fast Charging Dual Inputs Outputs Batteries Real Capacity Gadgets,3,"Barang berfungsi dengan baik, tp kemasan sdh terbuka segelnya",https://shopee.co.id/Powerbank-10000mAh-LCD-Display-Power-Bank-Fast-Charging-Dual-Inputs-Outputs-Batteries-Real-Capacity-Gadgets-i.227057943.12135864924?sp_atk=d7c83660-5582-4399-b251-8f129d361dc8&xptdk=d7c83660-5582-4399-b251-8f129d361dc8
95,PowerBank VIVAN 10000mah VPB-X10 20W 3 Output Dual Input Port Type C & Micro USB Original Fast Charging Quick Charging,3,"PENGIRIMAN LAMA, HARGA MAHAL, KUALITAS BIASA AJA. MASA DARITADI DI PAKE BUAT NGECAS HP EH GAK NAMBAH2.",https://shopee.co.id/PowerBank-VIVAN-10000mah-VPB-X10-20W-3-Output-Dual-Input-Port-Type-C-Micro-USB-Original-Fast-Charging-Quick-Charging-PD-3.0-QC-3.0-Real-Capacity-LED-Indicator-Garansi-Resmi-1-Tahun-i.11722931.3294408215?sp_atk=4da4ee0e-e90c-4d22-a2b9-9128d4a089dd&xptdk=4da4ee0e-e90c-4d22-a2b9-9128d4a089dd
96,PowerBank VIVAN 10000mah VPB-X10 20W 3 Output Dual Input Port Type C & Micro USB Original Fast Charging Quick Charging,3,"Barang sudah sampai dengan aman, tapi prosesnya pengemasan sampai pengiriman sangat lama. Kondisi pb nya bagus hanya saja untuk dipakai ngecharge tidka terlallu cepat menambah isi batrenya.",https://shopee.co.id/PowerBank-VIVAN-10000mah-VPB-X10-20W-3-Output-Dual-Input-Port-Type-C-Micro-USB-Original-Fast-Charging-Quick-Charging-PD-3.0-QC-3.0-Real-Capacity-LED-Indicator-Garansi-Resmi-1-Tahun-i.11722931.3294408215?sp_atk=4da4ee0e-e90c-4d22-a2b9-9128d4a089dd&xptdk=4da4ee0e-e90c-4d22-a2b9-9128d4a089dd
97,PowerBank VIVAN 10000mah VPB-X10 20W 3 Output Dual Input Port Type C & Micro USB Original Fast Charging Quick Charging,3,Pengiriman terlalu lambat. Namun barang bagus !,https://shopee.co.id/PowerBank-VIVAN-10000mah-VPB-X10-20W-3-Output-Dual-Input-Port-Type-C-Micro-USB-Original-Fast-Charging-Quick-Charging-PD-3.0-QC-3.0-Real-Capacity-LED-Indicator-Garansi-Resmi-1-Tahun-i.11722931.3294408215?sp_atk=4da4ee0e-e90c-4d22-a2b9-9128d4a089dd&xptdk=4da4ee0e-e90c-4d22-a2b9-9128d4a089dd
98,PowerBank VIVAN 10000mah VPB-X10 20W 3 Output Dual Input Port Type C & Micro USB Original Fast Charging Quick Charging,3,Pengiriman lama. Slow respon di chat. Selalu jawaban templet. Produk bagus tapi pelayanan kurang,https://shopee.co.id/PowerBank-VIVAN-10000mah-VPB-X10-20W-3-Output-Dual-Input-Port-Type-C-Micro-USB-Original-Fast-Charging-Quick-Charging-PD-3.0-QC-3.0-Real-Capacity-LED-Indicator-Garansi-Resmi-1-Tahun-i.11722931.3294408215?sp_atk=4da4ee0e-e90c-4d22-a2b9-9128d4a089dd&xptdk=4da4ee0e-e90c-4d22-a2b9-9128d4a089dd
99,PowerBank VIVAN 10000mah VPB-X10 20W 3 Output Dual Input Port Type C & Micro USB Original Fast Charging Quick Charging,3,Barang sesuai pesanan tapi sayang pelayanan blm maksimal..,https://shopee.co.id/PowerBank-VIVAN-10000mah-VPB-X10-20W-3-Output-Dual-Input-Port-Type-C-Micro-USB-Original-Fast-Charging-Quick-Charging-PD-3.0-QC-3.0-Real-Capacity-LED-Indicator-Garansi-Resmi-1-Tahun-i.11722931.3294408215?sp_atk=4da4ee0e-e90c-4d22-a2b9-9128d4a089dd&xptdk=4da4ee0e-e90c-4d22-a2b9-9128d4a089dd
100,PowerBank VIVAN 10000mah VPB-X10 20W 3 Output Dual Input Port Type C & Micro USB Original Fast Charging Quick Charging,3,"Biasa aja gak fast carging , batrenya cepat habis juga",https://shopee.co.id/PowerBank-VIVAN-10000mah-VPB-X10-20W-3-Output-Dual-Input-Port-Type-C-Micro-USB-Original-Fast-Charging-Quick-Charging-PD-3.0-QC-3.0-Real-Capacity-LED-Indicator-Garansi-Resmi-1-Tahun-i.11722931.3294408215?sp_atk=4da4ee0e-e90c-4d22-a2b9-9128d4a089dd&xptdk=4da4ee0e-e90c-4d22-a2b9-9128d4a089dd
101,PowerBank VIVAN 10000mah VPB-X10 20W 3 Output Dual Input Port Type C & Micro USB Original Fast Charging Quick Charging,3,"Agk kecewa krn Pengemasannya lama pengiriman jg lama,packingnya pun cm selapis bubble wrap tipis dibungkus bgtu aja untung kondisi pb nya gppüòì",https://shopee.co.id/PowerBank-VIVAN-10000mah-VPB-X10-20W-3-Output-Dual-Input-Port-Type-C-Micro-USB-Original-Fast-Charging-Quick-Charging-PD-3.0-QC-3.0-Real-Capacity-LED-Indicator-Garansi-Resmi-1-Tahun-i.11722931.3294408215?sp_atk=4da4ee0e-e90c-4d22-a2b9-9128d4a089dd&xptdk=4da4ee0e-e90c-4d22-a2b9-9128d4a089dd
102,LENTIVEN PowerBank 20000mAh Mini Digital Display Fast Charging,3,"Kalau di banding Harga mungkin sepadan ya... Di penggunaan cepet habis batrai, padahal tertera 20000 mah, sekali pakai di isi ulang lagi.... Penjualan langsung, pesen langsung proses....",https://shopee.co.id/LENTIVEN-PowerBank-20000mAh-Mini-Digital-Display-Fast-Charging-i.333417153.9045939185?sp_atk=1a29c456-a3c4-4f57-b918-f9682b45ae0d&xptdk=1a29c456-a3c4-4f57-b918-f9682b45ae0d
103,LENTIVEN PowerBank 20000mAh Mini Digital Display Fast Charging,3,"Barang datang dengan selamat dan cepat,bungkusnya rapih, aman. lumayan berat, semoga awet dan tidak mengecewakan. Update: tidak fast carger dan 5% pengisian untuk 25%.",https://shopee.co.id/LENTIVEN-PowerBank-20000mAh-Mini-Digital-Display-Fast-Charging-i.333417153.9045939185?sp_atk=1a29c456-a3c4-4f57-b918-f9682b45ae0d&xptdk=1a29c456-a3c4-4f57-b918-f9682b45ae0d
104,LENTIVEN PowerBank 20000mAh Mini Digital Display Fast Charging,3,"Tidak seperti gambar display toko. Yg kelihatan mini, datang sebesar telapak tangan. üòÄüòÄ",https://shopee.co.id/LENTIVEN-PowerBank-20000mAh-Mini-Digital-Display-Fast-Charging-i.333417153.9045939185?sp_atk=1a29c456-a3c4-4f57-b918-f9682b45ae0d&xptdk=1a29c456-a3c4-4f57-b918-f9682b45ae0d
105,LENTIVEN PowerBank 20000mAh Mini Digital Display Fast Charging,3,"Suka sm packingannya. Rapih banget, trs bagus. Barangnya jg udah nyala. Order malem lgsg dikirim malem itu jg. Cm shocknya, order 12000mah yg dikirim 20000mah. PBnya dicharger udah 7 jam baru dipake 2 atau 3 kali charger udah abis ajah. Kadang malah kalo PB masih ada isinya, dicharger mati¬≤ muluk.",https://shopee.co.id/LENTIVEN-PowerBank-20000mAh-Mini-Digital-Display-Fast-Charging-i.333417153.9045939185?sp_atk=1a29c456-a3c4-4f57-b918-f9682b45ae0d&xptdk=1a29c456-a3c4-4f57-b918-f9682b45ae0d
106,LENTIVEN PowerBank 20000mAh Mini Digital Display Fast Charging,3,Alhamdulillah paket nya sudah sampai‚Ä¶ tapi gk sesuai dengan tang di pesan.. di pesannya apa datang nya apa ‚Ä¶ Tapi gk papa lh mungkin stok nya lagi habis tapi sebagai seller tolong di biasakan nge chatt konsumen kalau stok yang konsumen pesan sudah kosong üôè,https://shopee.co.id/LENTIVEN-PowerBank-20000mAh-Mini-Digital-Display-Fast-Charging-i.333417153.9045939185?sp_atk=1a29c456-a3c4-4f57-b918-f9682b45ae0d&xptdk=1a29c456-a3c4-4f57-b918-f9682b45ae0d
107,PowerBank ROBOT 10000mah RT190S 2A Dual Input and Output Port Type C & Micro USB Original Fast Charging Real Capacity,3,Terima kasih produk berfungsi dengan baik dan cepat pengisiannya warnanya cantik pengiriman cepat seller ramah,https://shopee.co.id/PowerBank-ROBOT-10000mah-RT190S-2A-Dual-Input-and-Output-Port-Type-C-Micro-USB-Original-Fast-Charging-Real-Capacity-Garansi-Resmi-1-Tahun-i.11868085.7078941474?sp_atk=db5bb9cc-505a-49fd-8755-e8c39c3265af&xptdk=db5bb9cc-505a-49fd-8755-e8c39c3265af
108,PowerBank ROBOT 10000mah RT190S 2A Dual Input and Output Port Type C & Micro USB Original Fast Charging Real Capacity,3,Pengiriman cepat semoga barang awet,https://shopee.co.id/PowerBank-ROBOT-10000mah-RT190S-2A-Dual-Input-and-Output-Port-Type-C-Micro-USB-Original-Fast-Charging-Real-Capacity-Garansi-Resmi-1-Tahun-i.11868085.7078941474?sp_atk=db5bb9cc-505a-49fd-8755-e8c39c3265af&xptdk=db5bb9cc-505a-49fd-8755-e8c39c3265af
109,PowerBank ROBOT 10000mah RT190S 2A Dual Input and Output Port Type C & Micro USB Original Fast Charging Real Capacity,3,harga nya miring barangnya top,https://shopee.co.id/PowerBank-ROBOT-10000mah-RT190S-RT190-S-2A-Dual-Input-and-Output-Port-Type-C-Micro-USB-Original-Fast-Charging-Real-Capacity-Garansi-Resmi-1-Tahun-i.53962423.19261594360?sp_atk=21173dbe-402c-4393-9170-98f92d67fda1&xptdk=21173dbe-402c-4393-9170-98f92d67fda1
110,PowerBank ROBOT 10000mah RT190S 2A Dual Input and Output Port Type C & Micro USB Original Fast Charging Real Capacity,3,fitur nya mantep nih bisa tipe c bisa micro,https://shopee.co.id/PowerBank-ROBOT-10000mah-RT190S-RT190-S-2A-Dual-Input-and-Output-Port-Type-C-Micro-USB-Original-Fast-Charging-Real-Capacity-Garansi-Resmi-1-Tahun-i.53962423.19261594360?sp_atk=21173dbe-402c-4393-9170-98f92d67fda1&xptdk=21173dbe-402c-4393-9170-98f92d67fda1
111,PowerBank ROBOT 10000mah RT190S 2A Dual Input and Output Port Type C & Micro USB Original Fast Charging Real Capacity,3,Barang dikemas dan dikirim dengan baik sehingga tidak ada cacat / rusak. Sudah dicoba dan tidak ada masalah tampilan simple,https://shopee.co.id/PowerBank-ROBOT-10000mah-RT190S-RT190-S-2A-Dual-Input-and-Output-Port-Type-C-Micro-USB-Original-Fast-Charging-Real-Capacity-Garansi-Resmi-1-Tahun-i.53962423.19261594360?sp_atk=21173dbe-402c-4393-9170-98f92d67fda1&xptdk=21173dbe-402c-4393-9170-98f92d67fda1
112,PowerBank ROBOT 10000mah RT190S 2A Dual Input and Output Port Type C & Micro USB Original Fast Charging Real Capacity,3,"Barang sudah sampai walau sedikit lama Dateng nya, but its ok.. packing nya rapih, aman bakal jadi langganan sih üëçüèª",https://shopee.co.id/PowerBank-ROBOT-10000mah-RT190S-RT190-S-2A-Dual-Input-and-Output-Port-Type-C-Micro-USB-Original-Fast-Charging-Real-Capacity-Garansi-Resmi-1-Tahun-i.53962423.19261594360?sp_atk=21173dbe-402c-4393-9170-98f92d67fda1&xptdk=21173dbe-402c-4393-9170-98f92d67fda1
113,PowerBank ROBOT 10000mah RT190S 2A Dual Input and Output Port Type C & Micro USB Original Fast Charging Real Capacity,3,Barang bagus sesuai dengan di gambar,https://shopee.co.id/PowerBank-ROBOT-10000mah-RT190S-RT190-S-2A-Dual-Input-and-Output-Port-Type-C-Micro-USB-Original-Fast-Charging-Real-Capacity-Garansi-Resmi-1-Tahun-i.53962423.19261594360?sp_atk=21173dbe-402c-4393-9170-98f92d67fda1&xptdk=21173dbe-402c-4393-9170-98f92d67fda1
114,PowerBank ROBOT 10000mah RT190S 2A Dual Input and Output Port Type C & Micro USB Original Fast Charging Real Capacity,3,Pesanan sudah sampai dan sesuai Ukuran sedang dan berat Semoga awet kedepannya Untuk pengiriman cepat,https://shopee.co.id/PowerBank-ROBOT-10000mah-RT190S-RT190-S-2A-Dual-Input-and-Output-Port-Type-C-Micro-USB-Original-Fast-Charging-Real-Capacity-Garansi-Resmi-1-Tahun-i.53962423.19261594360?sp_atk=21173dbe-402c-4393-9170-98f92d67fda1&xptdk=21173dbe-402c-4393-9170-98f92d67fda1
115,PowerBank ROBOT 10000mah RT190S 2A Dual Input and Output Port Type C & Micro USB Original Fast Charging Real Capacity,3,"Bagus, lumayan tahan lama, barangnya ga terlalu berat, cocok dibawa kemana saja",https://shopee.co.id/PowerBank-ROBOT-10000mah-RT190S-RT190-S-2A-Dual-Input-and-Output-Port-Type-C-Micro-USB-Original-Fast-Charging-Real-Capacity-Garansi-Resmi-1-Tahun-i.53962423.19261594360?sp_atk=21173dbe-402c-4393-9170-98f92d67fda1&xptdk=21173dbe-402c-4393-9170-98f92d67fda1
116,PowerBank ROBOT 10000mah RT190S 2A Dual Input and Output Port Type C & Micro USB Original Fast Charging Real Capacity,3,"Kualitas bagus, produk original, respon penjual baik, pengiriman bagus, trimkasih",https://shopee.co.id/PowerBank-ROBOT-10000mah-RT190S-RT190-S-2A-Dual-Input-and-Output-Port-Type-C-Micro-USB-Original-Fast-Charging-Real-Capacity-Garansi-Resmi-1-Tahun-i.53962423.19261594360?sp_atk=21173dbe-402c-4393-9170-98f92d67fda1&xptdk=21173dbe-402c-4393-9170-98f92d67fda1
117,PowerBank ROBOT 10000mah RT190S 2A Dual Input and Output Port Type C & Micro USB Original Fast Charging Real Capacity,3,Sesuai pesanan pengiriman cepat seller ramah asli pawerbank robot,https://shopee.co.id/PowerBank-ROBOT-10000mah-RT190S-RT190-S-2A-Dual-Input-and-Output-Port-Type-C-Micro-USB-Original-Fast-Charging-Real-Capacity-Garansi-Resmi-1-Tahun-i.53962423.19261594360?sp_atk=21173dbe-402c-4393-9170-98f92d67fda1&xptdk=21173dbe-402c-4393-9170-98f92d67fda1
118,UNEED Powerbank 10000mAh Built in Cable Fast Charging 2.1A - UPB234,3,Tidak fast charging. 10000mAh tapi dipakai untuk charge 1x charge hp sudah habis (saya coba di oppo reno 6 dan samsung galaxy s20 ultra). Saat dipakai di samsung saya waktu charge dari 40% malah 6 jam lebih,https://shopee.co.id/UNEED-Powerbank-10000mAh-Built-in-Cable-Fast-Charging-2.1A-UPB234-i.18856832.9418436523?sp_atk=14f1c394-c5d5-439f-878e-7d27778ab8cb&xptdk=14f1c394-c5d5-439f-878e-7d27778ab8cb
119,UNEED Powerbank 10000mAh Built in Cable Fast Charging 2.1A - UPB235,3,Kecewa sih penjual gk memeriksa barang sebelum di kirim ke pembeli Untuk semua fitur bagus kecuali kabel charger nya Gk bisa di pakai ke hp Ketiga model kabel nya gk ada yg bisa mengisi data Jadi harus pakai bantuan kabel data lain Tolong lain kali kalau mau di kirim ke pembeli itu di periksa barangnya,https://shopee.co.id/UNEED-Powerbank-10000mAh-Built-in-Cable-Fast-Charging-2.1A-UPB234-i.18856832.9418436523?sp_atk=14f1c394-c5d5-439f-878e-7d27778ab8cb&xptdk=14f1c394-c5d5-439f-878e-7d27778ab8cb
120,UNEED Powerbank 10000mAh Built in Cable Fast Charging 2.1A - UPB236,3,"kecil, ringan. tp pas dicoba cpt bgt abisnyaüòî huhu",https://shopee.co.id/UNEED-Powerbank-10000mAh-Built-in-Cable-Fast-Charging-2.1A-UPB234-i.18856832.9418436523?sp_atk=14f1c394-c5d5-439f-878e-7d27778ab8cb&xptdk=14f1c394-c5d5-439f-878e-7d27778ab8cb
121,UNEED Powerbank 10000mAh Built in Cable Fast Charging 2.1A - UPB237,3,Produknya kayak barang lama yg di pack lagi karena banyak goresan2nya.,https://shopee.co.id/UNEED-Powerbank-10000mAh-Built-in-Cable-Fast-Charging-2.1A-UPB234-i.18856832.9418436523?sp_atk=14f1c394-c5d5-439f-878e-7d27778ab8cb&xptdk=14f1c394-c5d5-439f-878e-7d27778ab8cb
122,UNEED Powerbank 10000mAh Built in Cable Fast Charging 2.1A - UPB238,3,Di kardus g dijasi himbauan jgn dibanting.. Jadinya saat barang sampai dilempar sma kurir,https://shopee.co.id/UNEED-Powerbank-10000mAh-Built-in-Cable-Fast-Charging-2.1A-UPB234-i.18856832.9418436523?sp_atk=14f1c394-c5d5-439f-878e-7d27778ab8cb&xptdk=14f1c394-c5d5-439f-878e-7d27778ab8cb
123,UNEED Powerbank 10000mAh Built in Cable Fast Charging 2.1A - UPB239,3,"menurutku ga terlalu rekomen hehe ga fastcharging samsek, dia ngisi baterainya lama terus aku gatau gunanya kabel output buat apa soalnya aku pakein kabelku gabisa",https://shopee.co.id/UNEED-Powerbank-10000mAh-Built-in-Cable-Fast-Charging-2.1A-UPB234-i.18856832.9418436523?sp_atk=14f1c394-c5d5-439f-878e-7d27778ab8cb&xptdk=14f1c394-c5d5-439f-878e-7d27778ab8cb
124,UNEED Powerbank 10000mAh Built in Cable Fast Charging 2.1A - UPB240,3,"Ngecharge nya lama..dri 60 smpe jdi 100 butuh +-3 jam lebih..tp dicolok sbntar, gak lama langsung berkurang..kayanya dicolok stengah jam, turun 30-40% tp batre iphone nya cma nambah 20-30%.",https://shopee.co.id/UNEED-Powerbank-10000mAh-Built-in-Cable-Fast-Charging-2.1A-UPB234-i.18856832.9418436523?sp_atk=14f1c394-c5d5-439f-878e-7d27778ab8cb&xptdk=14f1c394-c5d5-439f-878e-7d27778ab8cb
125,UNEED Powerbank 10000mAh Built in Cable Fast Charging 2.1A - UPB241,3,"3 buah powerbank sudah sampai. Tetapi hanya satu powerbank saja yang berfungsi. 2 powerbank lainnya tidak berfungsi, tidak bisa nge charge hp, dan flashlightnya tidak menyala.",https://shopee.co.id/UNEED-Powerbank-10000mAh-Built-in-Cable-Fast-Charging-2.1A-UPB234-i.18856832.9418436523?sp_atk=14f1c394-c5d5-439f-878e-7d27778ab8cb&xptdk=14f1c394-c5d5-439f-878e-7d27778ab8cb
126,UNEED Powerbank 10000mAh Built in Cable Fast Charging 2.1A - UPB242,3,Baterai dicas tetapi tidak bisa full 100 % hanya sampai 96% saja,https://shopee.co.id/UNEED-Powerbank-10000mAh-Built-in-Cable-Fast-Charging-2.1A-UPB234-i.18856832.9418436523?sp_atk=14f1c394-c5d5-439f-878e-7d27778ab8cb&xptdk=14f1c394-c5d5-439f-878e-7d27778ab8cb
127,Powerbank MOFIT M18 10.000mAh LCD + Fast Charge Real Capacity,3,"Packing aman, rapi, kualitas powerbank bagus tp sayang kabelnya ga bisa.",https://shopee.co.id/Powerbank-MOFIT-M18-10.000mAh-LCD-Fast-Charge-Real-Capacity-i.184350063.6431370324?sp_atk=35c30058-5db8-4efb-ac10-6b5abb317a23&xptdk=35c30058-5db8-4efb-ac10-6b5abb317a23
128,Powerbank MOFIT M18 10.000mAh LCD + Fast Charge Real Capacity,3,"Dicas mentok di 99%, gabisa 100% , padahal di LED nya 3digit",https://shopee.co.id/Powerbank-MOFIT-M18-10.000mAh-LCD-Fast-Charge-Real-Capacity-i.184350063.6431370324?sp_atk=35c30058-5db8-4efb-ac10-6b5abb317a23&xptdk=35c30058-5db8-4efb-ac10-6b5abb317a23
129,Powerbank MOFIT M18 10.000mAh LCD + Fast Charge Real Capacity,3,Gak bisa ngecas malah turun batere hp nya padahal di pb nya nomernya turun trus harga plus ongkir segitu mah kurang memuaskan sih,https://shopee.co.id/Powerbank-MOFIT-M18-10.000mAh-LCD-Fast-Charge-Real-Capacity-i.184350063.6431370324?sp_atk=35c30058-5db8-4efb-ac10-6b5abb317a23&xptdk=35c30058-5db8-4efb-ac10-6b5abb317a23
130,Powerbank MOFIT M18 10.000mAh LCD + Fast Charge Real Capacity,3,"entahla kadang masuk tiba tiba ga masuk sendiri pas ngecas , dan saat btre masih diangka 50 tiba tiba jdi 0 bingung banget",https://shopee.co.id/Powerbank-MOFIT-M18-10.000mAh-LCD-Fast-Charge-Real-Capacity-i.184350063.6431370324?sp_atk=35c30058-5db8-4efb-ac10-6b5abb317a23&xptdk=35c30058-5db8-4efb-ac10-6b5abb317a23
131,Powerbank MOFIT M18 10.000mAh LCD + Fast Charge Real Capacity,3,"Barang istimewa, sementara bintang 3 dulu sambil nunggu orderan ke 2 sampai, baru bintang nya full + kasih video Barang mulus, di kasih booble 3ply dan ada plastiknya jd aman dan selamat",https://shopee.co.id/Powerbank-MOFIT-M18-10.000mAh-LCD-Fast-Charge-Real-Capacity-i.184350063.6431370324?sp_atk=35c30058-5db8-4efb-ac10-6b5abb317a23&xptdk=35c30058-5db8-4efb-ac10-6b5abb317a23
132,Powerbank MOFIT M18 10.000mAh LCD + Fast Charge Real Capacity,3,"Order sabtu, minggu sampe Packingan double bubble jadi aman PBnya belum di coba karena untuk hadiah adik, isinya ada kabel USB warna item+ type C warna putih (bentuknya kecil tanpa kabel persis kek OTG). Semoga ini awet tahunan & work it. Kalo awet nanti next aku order lagi",https://shopee.co.id/Powerbank-MOFIT-M18-10.000mAh-LCD-Fast-Charge-Real-Capacity-i.184350063.6431370324?sp_atk=35c30058-5db8-4efb-ac10-6b5abb317a23&xptdk=35c30058-5db8-4efb-ac10-6b5abb317a23
133,Powerbank MOFIT M18 10.000mAh LCD + Fast Charge Real Capacity,3,"Pengiriman cepat trus pengemasan juga cepat. Tapi untuk pengisian lewat type C gak bisa, kalau untuk yg lain masih bisa. Mohon dipastikan lagi barangnya sebelum dikirim yaa. Terima kasih",https://shopee.co.id/Powerbank-MOFIT-M18-10.000mAh-LCD-Fast-Charge-Real-Capacity-i.184350063.6431370324?sp_atk=35c30058-5db8-4efb-ac10-6b5abb317a23&xptdk=35c30058-5db8-4efb-ac10-6b5abb317a23
134,Powerbank MOFIT M18 10.000mAh LCD + Fast Charge Real Capacity,3,"Produk bagus, hanya packing gak bgus, gak ada lapisan kardus, penyok",https://shopee.co.id/Powerbank-MOFIT-M18-10.000mAh-LCD-Fast-Charge-Real-Capacity-i.184350063.6431370324?sp_atk=35c30058-5db8-4efb-ac10-6b5abb317a23&xptdk=35c30058-5db8-4efb-ac10-6b5abb317a23
135,Powerbank MOFIT M18 10.000mAh LCD + Fast Charge Real Capacity,3,ternyata ga real capacity.,https://shopee.co.id/Powerbank-MOFIT-M18-10.000mAh-LCD-Fast-Charge-Real-Capacity-i.184350063.6431370324?sp_atk=35c30058-5db8-4efb-ac10-6b5abb317a23&xptdk=35c30058-5db8-4efb-ac10-6b5abb317a23
136,ROBOT Power Bank RT180 10000mAh Dual Input Port Type C & Micro USB,4,Tolong lain kali dikasih buble wrap dikit yaa... Biar kalo dilempar kurir ga terlalu resiko,https://shopee.co.id/ROBOT-Power-Bank-RT180-10000mAh-Dual-Input-Port-Type-C-Micro-USB-Garansi-Original-Resmi-i.20355266.7652475835?sp_atk=95d4180e-6345-482a-87b2-c73d70c8177c&xptdk=95d4180e-6345-482a-87b2-c73d70c8177c
137,ROBOT Power Bank RT180 10000mAh Dual Input Port Type C & Micro USB,4,"harga gak mahal. Baru pertma x beli powerbank merek robot ,Powerbank yg saya beli uda sesuai dgn type dan warna , semoga awet ini powerbank , kata kebanyakan orang robot cukup bagus.",https://shopee.co.id/ROBOT-Power-Bank-RT180-10000mAh-Dual-Input-Port-Type-C-Micro-USB-Garansi-Original-Resmi-i.20355266.7652475835?sp_atk=95d4180e-6345-482a-87b2-c73d70c8177c&xptdk=95d4180e-6345-482a-87b2-c73d70c8177c
138,ROBOT Power Bank RT180 10000mAh Dual Input Port Type C & Micro USB,4,Bagus powerbank nya semoga bermanfaat semoga awet dan ga bocor,https://shopee.co.id/ROBOT-Power-Bank-RT180-10000mAh-Dual-Input-Port-Type-C-Micro-USB-Garansi-Original-Resmi-i.20355266.7652475835?sp_atk=95d4180e-6345-482a-87b2-c73d70c8177c&xptdk=95d4180e-6345-482a-87b2-c73d70c8177c
139,ROBOT Power Bank RT180 10000mAh Dual Input Port Type C & Micro USB,4,Sesuai pesanan barang oke,https://shopee.co.id/ROBOT-Power-Bank-RT180-10000mAh-Dual-Input-Port-Type-C-Micro-USB-Garansi-Original-Resmi-i.20355266.7652475835?sp_atk=95d4180e-6345-482a-87b2-c73d70c8177c&xptdk=95d4180e-6345-482a-87b2-c73d70c8177c
140,ROBOT Power Bank RT180 10000mAh Dual Input Port Type C & Micro USB,4,"Semoga awet Robot tipe micro Usb krain ada Type C nya tapi ngk pp alhamdulillah bagus, terimakasih",https://shopee.co.id/ROBOT-Power-Bank-RT180-10000mAh-Dual-Input-Port-Type-C-Micro-USB-Garansi-Original-Resmi-i.20355266.7652475835?sp_atk=95d4180e-6345-482a-87b2-c73d70c8177c&xptdk=95d4180e-6345-482a-87b2-c73d70c8177c
141,ROBOT Power Bank RT180 10000mAh Dual Input Port Type C & Micro USB,4,sesuai dan fungsi normal,https://shopee.co.id/ROBOT-Power-Bank-RT180-10000mAh-Dual-Input-Port-Type-C-Micro-USB-Garansi-Original-Resmi-i.20355266.7652475835?sp_atk=95d4180e-6345-482a-87b2-c73d70c8177c&xptdk=95d4180e-6345-482a-87b2-c73d70c8177c
142,ROBOT Power Bank RT180 10000mAh Dual Input Port Type C & Micro USB,4,Kualitas ok ü•∞,https://shopee.co.id/ROBOT-Power-Bank-RT180-10000mAh-Dual-Input-Port-Type-C-Micro-USB-Garansi-Original-Resmi-i.20355266.7652475835?sp_atk=95d4180e-6345-482a-87b2-c73d70c8177c&xptdk=95d4180e-6345-482a-87b2-c73d70c8177c
143,ROBOT Power Bank RT180 10000mAh Dual Input Port Type C & Micro USB,4,"Belum d coba ,karena baru sampe semoga gak ada kendala,dari tokonya cepet tapi pengirimannya yang lambat",https://shopee.co.id/ROBOT-Power-Bank-RT180-10000mAh-Dual-Input-Port-Type-C-Micro-USB-Garansi-Original-Resmi-i.20355266.7652475835?sp_atk=95d4180e-6345-482a-87b2-c73d70c8177c&xptdk=95d4180e-6345-482a-87b2-c73d70c8177c
144,ROBOT Power Bank RT180 10000mAh Dual Input Port Type C & Micro USB,4,"Barangnya sesuai mudah2an awet, pengiriman cepat, kurirnya ramah",https://shopee.co.id/ROBOT-Power-Bank-RT180-10000mAh-Dual-Input-Port-Type-C-Micro-USB-Garansi-Original-Resmi-i.20355266.7652475835?sp_atk=95d4180e-6345-482a-87b2-c73d70c8177c&xptdk=95d4180e-6345-482a-87b2-c73d70c8177c
145,SNIPER Powerbank 10000 mAh Powershoot S412201 V2.1,4,"dengan harga yg segini mantap lah, Respon penjual cepat,barang ori dan bagus debgan harga sgtu keren sih,sukses terus buat lapaknya.kurir pun ramah.",https://shopee.co.id/SNIPER-Powerbank-10000-mAh-Powershoot-S412201-V2.0-i.70628431.6878631960?sp_atk=c29d0135-d5a0-4748-9a23-fdee90cd2581&xptdk=c29d0135-d5a0-4748-9a23-fdee90cd2581
146,SNIPER Powerbank 10000 mAh Powershoot S412201 V2.2,4,"Barang sampai dengan selamat, pengiriman cepat dan packing aman pakai buble wrap. Produk berfungsi dengan baik tapi ga fast charging ternyata, ngisidari 30% ke 50% aja lama bngt, biasanyapake charger cuma sebentar tapi yaa semiga awet yaa",https://shopee.co.id/SNIPER-Powerbank-10000-mAh-Powershoot-S412201-V2.0-i.70628431.6878631960?sp_atk=c29d0135-d5a0-4748-9a23-fdee90cd2581&xptdk=c29d0135-d5a0-4748-9a23-fdee90cd2581
147,SNIPER Powerbank 10000 mAh Powershoot S412201 V2.3,4,"Belum dicoba ,tp produk original, sesuai pesanan,harga terjangkau, dapat hadiah pula..makasih...",https://shopee.co.id/SNIPER-Powerbank-10000-mAh-Powershoot-S412201-V2.0-i.70628431.6878631960?sp_atk=c29d0135-d5a0-4748-9a23-fdee90cd2581&xptdk=c29d0135-d5a0-4748-9a23-fdee90cd2581
148,SNIPER Powerbank 10000 mAh Powershoot S412201 V2.4,4,"pembelian ke 2 ditoko ini karena sudah malas mengklaim garansi, barangnya bagus dan worth it untuk harga segitu, terima kasih seller dan shopeeüòç",https://shopee.co.id/SNIPER-Powerbank-10000-mAh-Powershoot-S412201-V2.0-i.70628431.6878631960?sp_atk=c29d0135-d5a0-4748-9a23-fdee90cd2581&xptdk=c29d0135-d5a0-4748-9a23-fdee90cd2581
149,SNIPER Powerbank 10000 mAh Powershoot S412201 V2.5,4,"Produk berfungsi dengan baik ,free otg nya kelupaan ,untung nya dikirim dihari lain dan baru datang juga tadi paketnya isinya otg type C ,terimakasih",https://shopee.co.id/SNIPER-Powerbank-10000-mAh-Powershoot-S412201-V2.0-i.70628431.6878631960?sp_atk=c29d0135-d5a0-4748-9a23-fdee90cd2581&xptdk=c29d0135-d5a0-4748-9a23-fdee90cd2581
150,SNIPER Powerbank 10000 mAh Powershoot S412201 V2.6,4,"Barang bagus, tapi agak berat ternyata.. Masalahnya ga cocok sama cas HP yg saya pakai, tpi gpp bisa diakali dgn pake usb HP",https://shopee.co.id/SNIPER-Powerbank-10000-mAh-Powershoot-S412201-V2.0-i.70628431.6878631960?sp_atk=c29d0135-d5a0-4748-9a23-fdee90cd2581&xptdk=c29d0135-d5a0-4748-9a23-fdee90cd2581
151,SNIPER Powerbank 10000 mAh Powershoot S412201 V2.7,4,"Paking aman, tp kemasan udah kesobek bagian samping, tp barang lumayan oke sih. Semoga kualitas oke dan awet.",https://shopee.co.id/SNIPER-Powerbank-10000-mAh-Powershoot-S412201-V2.0-i.70628431.6878631960?sp_atk=c29d0135-d5a0-4748-9a23-fdee90cd2581&xptdk=c29d0135-d5a0-4748-9a23-fdee90cd2581
152,PowerBank VIVAN 10000mah VPB-X10 20W 3 Output Dual Input Port Type C & Micro USB Original Fast Charging Quick Charging,4,"Power bank nya bagus Berfungsi dengan baik, harga sesuai barang Pengiriman juga cepat. Respon seller baik Sangat sangat membantu dikala mati lampu, semoga awett üëçüèºüëçüèºüëçüèº",https://shopee.co.id/PowerBank-VIVAN-10000mah-VPB-X10-20W-3-Output-Dual-Input-Port-Type-C-Micro-USB-Original-Fast-Charging-Quick-Charging-PD-3.0-QC-3.0-Real-Capacity-LED-Indicator-Garansi-Resmi-1-Tahun-i.11722931.3294408215?sp_atk=4da4ee0e-e90c-4d22-a2b9-9128d4a089dd&xptdk=4da4ee0e-e90c-4d22-a2b9-9128d4a089dd
153,PowerBank VIVAN 10000mah VPB-X10 20W 3 Output Dual Input Port Type C & Micro USB Original Fast Charging Quick Charging,4,"Pengemasan rapih, dipakai bublewrap, cepat proses charger hpnya. Thanks seller and shopee",https://shopee.co.id/PowerBank-VIVAN-10000mah-VPB-X10-20W-3-Output-Dual-Input-Port-Type-C-Micro-USB-Original-Fast-Charging-Quick-Charging-PD-3.0-QC-3.0-Real-Capacity-LED-Indicator-Garansi-Resmi-1-Tahun-i.11722931.3294408215?sp_atk=4da4ee0e-e90c-4d22-a2b9-9128d4a089dd&xptdk=4da4ee0e-e90c-4d22-a2b9-9128d4a089dd
154,PowerBank VIVAN 10000mah VPB-X10 20W 3 Output Dual Input Port Type C & Micro USB Original Fast Charging Quick Charging,4,"Pas dateng, tempat PB nya pecah mudah2an gpp dan berfungsi normal Seller ngirim barangnya luamaaaa pisanü•¥",https://shopee.co.id/PowerBank-VIVAN-10000mah-VPB-X10-20W-3-Output-Dual-Input-Port-Type-C-Micro-USB-Original-Fast-Charging-Quick-Charging-PD-3.0-QC-3.0-Real-Capacity-LED-Indicator-Garansi-Resmi-1-Tahun-i.11722931.3294408215?sp_atk=4da4ee0e-e90c-4d22-a2b9-9128d4a089dd&xptdk=4da4ee0e-e90c-4d22-a2b9-9128d4a089dd
155,PowerBank VIVAN 10000mah VPB-X10 20W 3 Output Dual Input Port Type C & Micro USB Original Fast Charging Quick Charging,4,"Bgs bngt , uda sesuai dgn pesanan, pb uda terisi 74% pas baru buka. Dan baru nyobain cas dri 56% smpe ke 99% perlu 1 jam kurang dikit sih terus baterai pb berkurang jdi 55%",https://shopee.co.id/PowerBank-VIVAN-10000mah-VPB-X10-20W-3-Output-Dual-Input-Port-Type-C-Micro-USB-Original-Fast-Charging-Quick-Charging-PD-3.0-QC-3.0-Real-Capacity-LED-Indicator-Garansi-Resmi-1-Tahun-i.11722931.3294408215?sp_atk=4da4ee0e-e90c-4d22-a2b9-9128d4a089dd&xptdk=4da4ee0e-e90c-4d22-a2b9-9128d4a089dd
156,PowerBank VIVAN 10000mah VPB-X10 20W 3 Output Dual Input Port Type C & Micro USB Original Fast Charging Quick Charging,4,Produk bagus kualitas oke harga terjangkau packing aman pengiriman standart good job seller,https://shopee.co.id/PowerBank-VIVAN-10000mah-VPB-X10-20W-3-Output-Dual-Input-Port-Type-C-Micro-USB-Original-Fast-Charging-Quick-Charging-PD-3.0-QC-3.0-Real-Capacity-LED-Indicator-Garansi-Resmi-1-Tahun-i.11722931.3294408215?sp_atk=4da4ee0e-e90c-4d22-a2b9-9128d4a089dd&xptdk=4da4ee0e-e90c-4d22-a2b9-9128d4a089dd
157,PowerBank VIVAN 10000mah VPB-X10 20W 3 Output Dual Input Port Type C & Micro USB Original Fast Charging Quick Charging,4,"Pengiriman lumayan lama, packingnya standart bgt cm pake kantong bubblewrap mnurutku kurang safety, untung aman masi segel, pas dipake gak sampe 1 menit berkurangnya di video terbukti, tp overall bagus dg harga sgitu dibanding merk rbt, smoga awet aja deh",https://shopee.co.id/PowerBank-VIVAN-10000mah-VPB-X10-20W-3-Output-Dual-Input-Port-Type-C-Micro-USB-Original-Fast-Charging-Quick-Charging-PD-3.0-QC-3.0-Real-Capacity-LED-Indicator-Garansi-Resmi-1-Tahun-i.11722931.3294408215?sp_atk=4da4ee0e-e90c-4d22-a2b9-9128d4a089dd&xptdk=4da4ee0e-e90c-4d22-a2b9-9128d4a089dd
158,PowerBank VIVAN 10000mah VPB-X10 20W 3 Output Dual Input Port Type C & Micro USB Original Fast Charging Quick Charging,4,produk sudah tiba dengan selamat. pengiriman juga cepat. thanks seller,https://shopee.co.id/PowerBank-VIVAN-10000mah-VPB-X10-20W-3-Output-Dual-Input-Port-Type-C-Micro-USB-Original-Fast-Charging-Quick-Charging-PD-3.0-QC-3.0-Real-Capacity-LED-Indicator-Garansi-Resmi-1-Tahun-i.11722931.3294408215?sp_atk=4da4ee0e-e90c-4d22-a2b9-9128d4a089dd&xptdk=4da4ee0e-e90c-4d22-a2b9-9128d4a089dd
159,PowerBank VIVAN 10000mah VPB-X10 20W 3 Output Dual Input Port Type C & Micro USB Original Fast Charging Quick Charging,4,Packingnya oke Barangnya jg bagus semoga awet Sayang pengiriman sedikit lama Tapi adminnya informasikan dulu,https://shopee.co.id/PowerBank-VIVAN-10000mah-VPB-X10-20W-3-Output-Dual-Input-Port-Type-C-Micro-USB-Original-Fast-Charging-Quick-Charging-PD-3.0-QC-3.0-Real-Capacity-LED-Indicator-Garansi-Resmi-1-Tahun-i.11722931.3294408215?sp_atk=4da4ee0e-e90c-4d22-a2b9-9128d4a089dd&xptdk=4da4ee0e-e90c-4d22-a2b9-9128d4a089dd
160,PowerBank VIVAN 10000mah VPB-X10 20W 3 Output Dual Input Port Type C & Micro USB Original Fast Charging Quick Charging,4,"Terimakasih ka barang ny udh sampe Cantik warna ny , smoga awet Smoga usaha ny lancar trus ya ka",https://shopee.co.id/PowerBank-VIVAN-10000mah-VPB-X10-20W-3-Output-Dual-Input-Port-Type-C-Micro-USB-Original-Fast-Charging-Quick-Charging-PD-3.0-QC-3.0-Real-Capacity-LED-Indicator-Garansi-Resmi-1-Tahun-i.11722931.3294408215?sp_atk=4da4ee0e-e90c-4d22-a2b9-9128d4a089dd&xptdk=4da4ee0e-e90c-4d22-a2b9-9128d4a089dd
161,PowerBank VIVAN 10000mah VPB-X10 20W 3 Output Dual Input Port Type C & Micro USB Original Fast Charging Quick Charging,4,"Disayangkan bgt sekelas Vivan official store utk packaging barang elektronik cm pke bubble wrap doang untung gk knp2,produk berfungsi dg baik.Cuma gk tau ya,ngetes buat charge hp 4000 mAH scr full kok langsung drop dibawah 50%.Yg ngeselin pengirimannya sih parah,ganti j&t niatnya biar cpt malah ZONK",https://shopee.co.id/PowerBank-VIVAN-10000mah-VPB-X10-20W-3-Output-Dual-Input-Port-Type-C-Micro-USB-Original-Fast-Charging-Quick-Charging-PD-3.0-QC-3.0-Real-Capacity-LED-Indicator-Garansi-Resmi-1-Tahun-i.11722931.3294408215?sp_atk=4da4ee0e-e90c-4d22-a2b9-9128d4a089dd&xptdk=4da4ee0e-e90c-4d22-a2b9-9128d4a089dd
162,ROBOT Power Bank RT10 10000mAh Powerbank 2 Input 1 Output Super Mini Garansi Original Resmi,4,"Barang saat di gunakan aman. Terisi daya nya. Pengiriman cepat sampai,",https://shopee.co.id/ROBOT-Power-Bank-RT10-10000mAh-Powerbank-2-Input-1-Output-Super-Mini-Garansi-Original-Resmi-i.20355266.9147105227?sp_atk=20c987e4-058f-4ef9-bc64-f0abe8485e7d&xptdk=20c987e4-058f-4ef9-bc64-f0abe8485e7d
163,ROBOT Power Bank RT10 10000mAh Powerbank 2 Input 1 Output Super Mini Garansi Original Resmi,4,"Belom dicoba, Semoga awet sih, Pengirimannya cepat.",https://shopee.co.id/ROBOT-Power-Bank-RT10-10000mAh-Powerbank-2-Input-1-Output-Super-Mini-Garansi-Original-Resmi-i.20355266.9147105227?sp_atk=20c987e4-058f-4ef9-bc64-f0abe8485e7d&xptdk=20c987e4-058f-4ef9-bc64-f0abe8485e7d
164,ROBOT Power Bank RT10 10000mAh Powerbank 2 Input 1 Output Super Mini Garansi Original Resmi,4,kondisi sesuai Dengan Deskripsi produk di galeri seller,https://shopee.co.id/ROBOT-Power-Bank-RT10-10000mAh-Powerbank-2-Input-1-Output-Super-Mini-Garansi-Original-Resmi-i.20355266.9147105227?sp_atk=20c987e4-058f-4ef9-bc64-f0abe8485e7d&xptdk=20c987e4-058f-4ef9-bc64-f0abe8485e7d
165,KIVEE Powerbank 20000 mah 10000 mAh Power Bank Fast Charging Murah Mini LCD with Kabel Data lightning Type C Micro USB,4,"Pengiriman cepat, barangnya bagus hny sj tdk dapat kabel mikro USB.",https://shopee.co.id/KIVEE-Powerbank-20000-mah-10000-mAh-Power-Bank-Fast-Charging-Murah-Mini-LCD-with-Kabel-Data-lightning-Type-C-Micro-USB-Mi-murah-i.161492802.13081657389?sp_atk=439cb58f-647e-4f93-a282-1c2b7b53e86b&xptdk=439cb58f-647e-4f93-a282-1c2b7b53e86b
166,KIVEE Powerbank 20000 mah 10000 mAh Power Bank Fast Charging Murah Mini LCD with Kabel Data lightning Type C Micro USB,4,"Dapat harga promo, pas., praktis dan ringan., tersedia kabelnya juga namun mengisi dayanya ke ponsel agak lama",https://shopee.co.id/KIVEE-Powerbank-20000-mah-10000-mAh-Power-Bank-Fast-Charging-Murah-Mini-LCD-with-Kabel-Data-lightning-Type-C-Micro-USB-Mi-murah-i.161492802.13081657389?sp_atk=439cb58f-647e-4f93-a282-1c2b7b53e86b&xptdk=439cb58f-647e-4f93-a282-1c2b7b53e86b
167,KIVEE Powerbank 20000 mah 10000 mAh Power Bank Fast Charging Murah Mini LCD with Kabel Data lightning Type C Micro USB,4,"Baguss baguss aja sih, sejauh ini bisa 2-3 kali pengisian sampe full.",https://shopee.co.id/KIVEE-Powerbank-20000-mah-10000-mAh-Power-Bank-Fast-Charging-Murah-Mini-LCD-with-Kabel-Data-lightning-Type-C-Micro-USB-Mi-murah-i.161492802.13081657389?sp_atk=439cb58f-647e-4f93-a282-1c2b7b53e86b&xptdk=439cb58f-647e-4f93-a282-1c2b7b53e86b
168,KIVEE Powerbank 20000 mah 10000 mAh Power Bank Fast Charging Murah Mini LCD with Kabel Data lightning Type C Micro USB,4,Untuk barangnya masih bagus tapi untuk tempatnya sudah rusak jadi saya kasih bintang 4 dulu dan semoga awet,https://shopee.co.id/KIVEE-Powerbank-20000-mah-10000-mAh-Power-Bank-Fast-Charging-Murah-Mini-LCD-with-Kabel-Data-lightning-Type-C-Micro-USB-Mi-murah-i.161492802.13081657389?sp_atk=439cb58f-647e-4f93-a282-1c2b7b53e86b&xptdk=439cb58f-647e-4f93-a282-1c2b7b53e86b
169,KIVEE Powerbank 20000 mah 10000 mAh Power Bank Fast Charging Murah Mini LCD with Kabel Data lightning Type C Micro USB,4,"Bagus. Kualitas melebihi harga. Hanya saya kira tampilan prosentase baterai pakai lcd ternyata cuma lampu LED dengan proyeksi angka, jadi angka tidak berubah linear antara 100% sampai 25%. Tapi secara fungsi bagus",https://shopee.co.id/KIVEE-Powerbank-20000-mah-10000-mAh-Power-Bank-Fast-Charging-Murah-Mini-LCD-with-Kabel-Data-lightning-Type-C-Micro-USB-Mi-murah-i.161492802.13081657389?sp_atk=439cb58f-647e-4f93-a282-1c2b7b53e86b&xptdk=439cb58f-647e-4f93-a282-1c2b7b53e86b
170,USAMS PB56 Power Bank Lanyard 10000mAh Dual USB,4,"Barang datang dalam keadaan bagus, box tidak penyok, powerbank saat ini masih dalam proses charger isi daya. Sudah dicek untuk pengisian pada HP masuk. Mantap",https://shopee.co.id/USAMS-PB56-Power-Bank-Lanyard-10000mAh-Dual-USB-i.340364424.4067904681?sp_atk=df5a9987-7ba3-420f-b45e-055a9914eb63&xptdk=df5a9987-7ba3-420f-b45e-055a9914eb63
171,USAMS PB56 Power Bank Lanyard 10000mAh Dual USB,4,"Produk ori USAMS sesuai pict, belum ketahanannya mudah2an sesuai dgn kapasitasnya. Semoga awet n tahan lama. Thanks shopee thank gan. Cuma nyampenya telat hmpr 2 minggu. üò¥",https://shopee.co.id/USAMS-PB56-Power-Bank-Lanyard-10000mAh-Dual-USB-i.340364424.4067904681?sp_atk=df5a9987-7ba3-420f-b45e-055a9914eb63&xptdk=df5a9987-7ba3-420f-b45e-055a9914eb63
172,USAMS PB56 Power Bank Lanyard 10000mAh Dual USB,4,seller top markotop pengiriman ok barang diterima dgn baik sesuai orderan thx,https://shopee.co.id/USAMS-PB56-Power-Bank-Lanyard-10000mAh-Dual-USB-i.340364424.4067904681?sp_atk=df5a9987-7ba3-420f-b45e-055a9914eb63&xptdk=df5a9987-7ba3-420f-b45e-055a9914eb63
173,USAMS PB56 Power Bank Lanyard 10000mAh Dual USB,4,produk ori sesuai iklan harga baik packaging aman. udah aga lama nyari powerbank yg sesuai untuk iphone 11 terus ternyata ini fit. cuma kurangnya dia ga ngasih kabel utk ngecasnya + saya coba pake kabel original dari iphone itu ga kecharge jadi mesti beli kabel cas iphone lain yg non-ori baru bis,https://shopee.co.id/USAMS-PB56-Power-Bank-Lanyard-10000mAh-Dual-USB-i.340364424.4067904681?sp_atk=df5a9987-7ba3-420f-b45e-055a9914eb63&xptdk=df5a9987-7ba3-420f-b45e-055a9914eb63
174,USAMS PB56 Power Bank Lanyard 10000mAh Dual USB,4,"Sesuai lah sama harganya, tombol powernya agak ringkeh. Di tes ngcharg juga lama masuknya. Buat pelayanan tokok fast respon banget.",https://shopee.co.id/USAMS-PB56-Power-Bank-Lanyard-10000mAh-Dual-USB-i.340364424.4067904681?sp_atk=df5a9987-7ba3-420f-b45e-055a9914eb63&xptdk=df5a9987-7ba3-420f-b45e-055a9914eb63
175,USAMS PB56 Power Bank Lanyard 10000mAh Dual USB,4,"Pengiriman cepat sampainya,, produk bagus mulus, Original. Cuman karena barang baru sampai jadi belum tau nihh berfungsi bagus apa enggak. Semoga bagus dan awet deh. Makasih seller,, amanah banget dah.. sukses yaa. Sementara bintangnyaa 4 dlu yaa ‚ò∫Ô∏èüôèüèª",https://shopee.co.id/USAMS-PB56-Power-Bank-Lanyard-10000mAh-Dual-USB-i.340364424.4067904681?sp_atk=df5a9987-7ba3-420f-b45e-055a9914eb63&xptdk=df5a9987-7ba3-420f-b45e-055a9914eb63
176,USAMS PB56 Power Bank Lanyard 10000mAh Dual USB,4,"Alhamdulillah udah nyampai walaupun agak lama yah tp gpp..barangnya susuai gambarrrrr.... Sementara ini okeee smoga awetttt tapi untuk isi daya nya agak lamaa yahhhhh jadi jgn pernah pake PB pas 1% minimal 30% seblum lobet lahhhhhhhhhhhhh, ukuran pbnya standarrrr tp gak muat klu ditas kecillll.....",https://shopee.co.id/USAMS-PB56-Power-Bank-Lanyard-10000mAh-Dual-USB-i.340364424.4067904681?sp_atk=df5a9987-7ba3-420f-b45e-055a9914eb63&xptdk=df5a9987-7ba3-420f-b45e-055a9914eb63
177,USAMS PB56 Power Bank Lanyard 10000mAh Dual USB,4,"Terimakasih.. Barang pesanan saya datang dengan baik,aman,rapi.packing aman bagus dan rapi.",https://shopee.co.id/USAMS-PB56-Power-Bank-Lanyard-10000mAh-Dual-USB-i.340364424.4067904681?sp_atk=df5a9987-7ba3-420f-b45e-055a9914eb63&xptdk=df5a9987-7ba3-420f-b45e-055a9914eb63
178,USAMS PB56 Power Bank Lanyard 10000mAh Dual USB,4,"Pengiriman super cepet, padahal kemarin pesan hr Minggu tp langsung di kirim.. sayangnya ada lecet nih, kualitas belum di coba klo bagus nt aku tambahin bintangnya, thx min üëçüèº",https://shopee.co.id/USAMS-PB56-Power-Bank-Lanyard-10000mAh-Dual-USB-i.340364424.4067904681?sp_atk=df5a9987-7ba3-420f-b45e-055a9914eb63&xptdk=df5a9987-7ba3-420f-b45e-055a9914eb63
179,USAMS PB56 Power Bank Lanyard 10000mAh Dual USB,4,Pesanan sudah d Terima Pengiriman cepat Packing oke Barang normal Semoga awet,https://shopee.co.id/USAMS-PB56-Power-Bank-Lanyard-10000mAh-Dual-USB-i.340364424.4067904681?sp_atk=df5a9987-7ba3-420f-b45e-055a9914eb63&xptdk=df5a9987-7ba3-420f-b45e-055a9914eb63
180,USAMS PB56 Power Bank Lanyard 10000mAh Dual USB,4,Powerbanknya bagusüòç,https://shopee.co.id/USAMS-PB56-Power-Bank-Lanyard-10000mAh-Dual-USB-i.340364424.4067904681?sp_atk=df5a9987-7ba3-420f-b45e-055a9914eb63&xptdk=df5a9987-7ba3-420f-b45e-055a9914eb63
181,ROBOT Power Bank RT180 10000mAh Dual Input Port Type C & Micro USB,5,Sesuai pesanan dan masih segel,https://shopee.co.id/ROBOT-Power-Bank-RT180-10000mAh-Dual-Input-Port-Type-C-Micro-USB-Garansi-Original-Resmi-i.20355266.7652475835?sp_atk=95d4180e-6345-482a-87b2-c73d70c8177c&xptdk=95d4180e-6345-482a-87b2-c73d70c8177c
182,ROBOT Power Bank RT180 10000mAh Dual Input Port Type C & Micro USB,5,Sangat terbaik. Ga nyesel sii beli di sini worth it parah next bakal order di sini lagiii,https://shopee.co.id/ROBOT-Power-Bank-RT180-10000mAh-Dual-Input-Port-Type-C-Micro-USB-Garansi-Original-Resmi-i.20355266.7652475835?sp_atk=95d4180e-6345-482a-87b2-c73d70c8177c&xptdk=95d4180e-6345-482a-87b2-c73d70c8177c
183,ROBOT Power Bank RT180 10000mAh Dual Input Port Type C & Micro USB,5,"Harga ok , kwaliatas bagus , ori , suka model nya, pengiriman cepat ... suka suka ..",https://shopee.co.id/ROBOT-Power-Bank-RT180-10000mAh-Dual-Input-Port-Type-C-Micro-USB-Garansi-Original-Resmi-i.20355266.7652475835?sp_atk=95d4180e-6345-482a-87b2-c73d70c8177c&xptdk=95d4180e-6345-482a-87b2-c73d70c8177c
184,ROBOT Power Bank RT180 10000mAh Dual Input Port Type C & Micro USB,5,Bagus banget. Kalo kalian mau cari power Bank cari disini aja ORI soalnya,https://shopee.co.id/ROBOT-Power-Bank-RT180-10000mAh-Dual-Input-Port-Type-C-Micro-USB-Garansi-Original-Resmi-i.20355266.7652475835?sp_atk=95d4180e-6345-482a-87b2-c73d70c8177c&xptdk=95d4180e-6345-482a-87b2-c73d70c8177c
185,UNEED Powerbank 10000mAh Built in Cable Fast Charging 2.1A - UPB229,5,"Powerbank nya ringan, warnanya bagus, compact juga ga terlalu besar/kecil jd kalo masuk tas masih ok bgt! Sukakk semoga awettt",https://shopee.co.id/UNEED-Powerbank-10000mAh-Built-in-Cable-Fast-Charging-2.1A-UPB234-i.18856832.9418436523?sp_atk=14f1c394-c5d5-439f-878e-7d27778ab8cb&xptdk=14f1c394-c5d5-439f-878e-7d27778ab8cb
186,UNEED Powerbank 10000mAh Built in Cable Fast Charging 2.1A - UPB230,5,Bagus sih. Anti ribet pokoknyaa Cakep warna nya,https://shopee.co.id/UNEED-Powerbank-10000mAh-Built-in-Cable-Fast-Charging-2.1A-UPB234-i.18856832.9418436523?sp_atk=14f1c394-c5d5-439f-878e-7d27778ab8cb&xptdk=14f1c394-c5d5-439f-878e-7d27778ab8cb
187,UNEED Powerbank 10000mAh Built in Cable Fast Charging 2.1A - UPB231,5,"Powerbanknya kokoh, trs simple jg ga makan tempat, udah ada kabel berbagai macam jadi lumayan ga harus pake kabel charger hp, mudah2an ga ada masalah, karena mau di pake buat mudik",https://shopee.co.id/UNEED-Powerbank-10000mAh-Built-in-Cable-Fast-Charging-2.1A-UPB234-i.18856832.9418436523?sp_atk=14f1c394-c5d5-439f-878e-7d27778ab8cb&xptdk=14f1c394-c5d5-439f-878e-7d27778ab8cb
188,UNEED Powerbank 10000mAh Built in Cable Fast Charging 2.1A - UPB232,5,Salah satu item yg paling penting saat traveling krn aman dibawa ke pesawat. Mantap semoga barang awet. Pembelian kedua produk uneed,https://shopee.co.id/UNEED-Powerbank-10000mAh-Built-in-Cable-Fast-Charging-2.1A-UPB234-i.18856832.9418436523?sp_atk=14f1c394-c5d5-439f-878e-7d27778ab8cb&xptdk=14f1c394-c5d5-439f-878e-7d27778ab8cb
189,UNEED Powerbank 10000mAh Built in Cable Fast Charging 2.1A - UPB233,5,Barang sesuai pesanan. Pengemasan dan pengiriman cepat. Worth to buy sih ini. Simple bgt dibawa kemana mana karna ukurannya ga begitu besar. Uda aku coba alhamdulillah bisa dan termasuk fast charging powerbank ini. Trus bisa buat senter juga. Mantab pokoknya,https://shopee.co.id/UNEED-Powerbank-10000mAh-Built-in-Cable-Fast-Charging-2.1A-UPB234-i.18856832.9418436523?sp_atk=14f1c394-c5d5-439f-878e-7d27778ab8cb&xptdk=14f1c394-c5d5-439f-878e-7d27778ab8cb
190,UNEED Powerbank 10000mAh Built in Cable Fast Charging 2.1A - UPB234,5,"Semua kabelnya berfungsi dengan baik. Ada lampu senternya juga, cara ngidupinnya harus ditekan cepet 2x. Ukurannya ternyata tebal. Semoga awet.",https://shopee.co.id/UNEED-Powerbank-10000mAh-Built-in-Cable-Fast-Charging-2.1A-UPB234-i.18856832.9418436523?sp_atk=14f1c394-c5d5-439f-878e-7d27778ab8cb&xptdk=14f1c394-c5d5-439f-878e-7d27778ab8cb
191,USAMS PB56 Power Bank Lanyard 10000mAh Dual USB,5,"Warnanya bagus,semoga awet,tipis enk dbwa,ngecas ny cepet,pkkkny matullll gk nyesel beli",https://shopee.co.id/USAMS-PB56-Power-Bank-Lanyard-10000mAh-Dual-USB-i.340364424.4067904681?sp_atk=df5a9987-7ba3-420f-b45e-055a9914eb63&xptdk=df5a9987-7ba3-420f-b45e-055a9914eb63
192,USAMS PB56 Power Bank Lanyard 10000mAh Dual USB,5,lumayan cepet sampe pdhl pake gratis ongkir. ukurannya pas ditangan ga kede bgt tp ga kekecilan juga. overall bagus sih.,https://shopee.co.id/USAMS-PB56-Power-Bank-Lanyard-10000mAh-Dual-USB-i.340364424.4067904681?sp_atk=df5a9987-7ba3-420f-b45e-055a9914eb63&xptdk=df5a9987-7ba3-420f-b45e-055a9914eb63
193,USAMS PB56 Power Bank Lanyard 10000mAh Dual USB,5,"Mantap so far penggunaan selama 2 minggu no problem, semoga awet üëåüèª",https://shopee.co.id/USAMS-PB56-Power-Bank-Lanyard-10000mAh-Dual-USB-i.340364424.4067904681?sp_atk=df5a9987-7ba3-420f-b45e-055a9914eb63&xptdk=df5a9987-7ba3-420f-b45e-055a9914eb63https://shopee.co.id/USAMS-PB56-Power-Bank-Lanyard-10000mAh-Dual-USB-i.340364424.4067904681?sp_atk=df5a9987-7ba3-420f-b45e-055a9914eb63&xptdk=df5a9987-7ba3-420f-b45e-055a9914eb63
194,USAMS PB56 Power Bank Lanyard 10000mAh Dual USB,5,"packing rapi dan utuh, bubble wrap nya efektif menjaga isi di dlm box. üëçüëç",https://shopee.co.id/USAMS-PB56-Power-Bank-Lanyard-10000mAh-Dual-USB-i.340364424.4067904681?sp_atk=df5a9987-7ba3-420f-b45e-055a9914eb63&xptdk=df5a9987-7ba3-420f-b45e-055a9914eb63
195,USAMS PB56 Power Bank Lanyard 10000mAh Dual USB,5,"kualitas sesuai harga, pengecasan dan pengiriman cepat",https://shopee.co.id/USAMS-PB56-Power-Bank-Lanyard-10000mAh-Dual-USB-i.340364424.4067904681?sp_atk=df5a9987-7ba3-420f-b45e-055a9914eb63&xptdk=df5a9987-7ba3-420f-b45e-055a9914eb63
196,Powerbank Baseus 10000mAh 20W / 15W Bipow Digital Display - PPDML-L,5,"Bagus banget deh pb nya, jgn takut tuk beli disini. Disegel ketat barangnya, TOP cer dahh",https://shopee.co.id/Powerbank-Baseus-10000mAh-20W-15W-Bipow-Digital-Display-PPDML-L-i.272171531.16864874147?sp_atk=e318d814-481b-4909-b223-852b9641f73b&xptdk=e318d814-481b-4909-b223-852b9641f73b
197,Powerbank Baseus 10000mAh 20W / 15W Bipow Digital Display - PPDML-L,5,"Pengirimannya cepat, admin responsif, kualitas produk sangat baik, worth it, barangnya bagus banget enak dipakai",https://shopee.co.id/Powerbank-Baseus-10000mAh-20W-15W-Bipow-Digital-Display-PPDML-L-i.272171531.16864874147?sp_atk=e318d814-481b-4909-b223-852b9641f73b&xptdk=e318d814-481b-4909-b223-852b9641f73b
198,Powerbank Baseus 10000mAh 20W / 15W Bipow Digital Display - PPDML-L,5,"Respon cepet. Kirim cepet. Hujan2 tetep dikirim. Kemasan mantap. Lengkap plastic wrap jd aman. Produk mg2 awet, meski kl ngecas agak lama.",https://shopee.co.id/Powerbank-Baseus-10000mAh-20W-15W-Bipow-Digital-Display-PPDML-L-i.272171531.16864874147?sp_atk=e318d814-481b-4909-b223-852b9641f73b&xptdk=e318d814-481b-4909-b223-852b9641f73b
199,Powerbank Baseus 10000mAh 20W / 15W Bipow Digital Display - PPDML-L,5,powerbank nya mantab dan kokoh‚Ä¶ semoga awet üëç,https://shopee.co.id/Powerbank-Baseus-10000mAh-20W-15W-Bipow-Digital-Display-PPDML-L-i.272171531.16864874147?sp_atk=e318d814-481b-4909-b223-852b9641f73b&xptdk=e318d814-481b-4909-b223-852b9641f73b
200,Powerbank Baseus 10000mAh 20W / 15W Bipow Digital Display - PPDML-L,5,Pengemasan rapih dan baik.. produk original.. kecepatan pengiriman baik.. seller jg responsif. Alhamdulilah smpai dengan slamat . Terima kasih,https://shopee.co.id/Powerbank-Baseus-10000mAh-20W-15W-Bipow-Digital-Display-PPDML-L-i.272171531.16864874147?sp_atk=e318d814-481b-4909-b223-852b9641f73b&xptdk=e318d814-481b-4909-b223-852b9641f73b